-- MySQL dump 10.13  Distrib 5.1.63, for debian-linux-gnu (i686)
--
-- Host: localhost    Database: tumo2test
-- ------------------------------------------------------
-- Server version	5.1.63-0ubuntu0.11.10.1

/*!40101 SET @OLD_CHARACTER_SET_CLIENT=@@CHARACTER_SET_CLIENT */;
/*!40101 SET @OLD_CHARACTER_SET_RESULTS=@@CHARACTER_SET_RESULTS */;
/*!40101 SET @OLD_COLLATION_CONNECTION=@@COLLATION_CONNECTION */;
/*!40101 SET NAMES utf8 */;
/*!40103 SET @OLD_TIME_ZONE=@@TIME_ZONE */;
/*!40103 SET TIME_ZONE='+00:00' */;
/*!40014 SET @OLD_UNIQUE_CHECKS=@@UNIQUE_CHECKS, UNIQUE_CHECKS=0 */;
/*!40014 SET @OLD_FOREIGN_KEY_CHECKS=@@FOREIGN_KEY_CHECKS, FOREIGN_KEY_CHECKS=0 */;
/*!40101 SET @OLD_SQL_MODE=@@SQL_MODE, SQL_MODE='NO_AUTO_VALUE_ON_ZERO' */;
/*!40111 SET @OLD_SQL_NOTES=@@SQL_NOTES, SQL_NOTES=0 */;

--
-- Table structure for table `AFFECTATION_IMPRIMANTE`
--

DROP TABLE IF EXISTS `AFFECTATION_IMPRIMANTE`;
/*!40101 SET @saved_cs_client     = @@character_set_client */;
/*!40101 SET character_set_client = utf8 */;
CREATE TABLE `AFFECTATION_IMPRIMANTE` (
  `UTILISATEUR_ID` int(10) NOT NULL DEFAULT '0',
  `BANQUE_ID` int(10) NOT NULL DEFAULT '0',
  `IMPRIMANTE_ID` int(10) NOT NULL DEFAULT '0',
  `MODELE_ID` int(10) DEFAULT NULL,
  PRIMARY KEY (`BANQUE_ID`,`IMPRIMANTE_ID`,`UTILISATEUR_ID`),
  KEY `FK_AFFECTATION_IMPRIMANTE_UTILISATEUR_ID` (`UTILISATEUR_ID`),
  KEY `FK_AFFECTATION_IMPRIMANTE_IMPRIMANTE_ID` (`IMPRIMANTE_ID`),
  KEY `FK_AFFECTATION_IMPRIMANTE_MODELE_ID` (`MODELE_ID`),
  CONSTRAINT `FK_AFFECTATION_IMPRIMANTE_BANQUE_ID` FOREIGN KEY (`BANQUE_ID`) REFERENCES `BANQUE` (`BANQUE_ID`),
  CONSTRAINT `FK_AFFECTATION_IMPRIMANTE_IMPRIMANTE_ID` FOREIGN KEY (`IMPRIMANTE_ID`) REFERENCES `IMPRIMANTE` (`IMPRIMANTE_ID`),
  CONSTRAINT `FK_AFFECTATION_IMPRIMANTE_MODELE_ID` FOREIGN KEY (`MODELE_ID`) REFERENCES `MODELE` (`MODELE_ID`),
  CONSTRAINT `FK_AFFECTATION_IMPRIMANTE_UTILISATEUR_ID` FOREIGN KEY (`UTILISATEUR_ID`) REFERENCES `UTILISATEUR` (`UTILISATEUR_ID`)
) ENGINE=InnoDB DEFAULT CHARSET=utf8;
/*!40101 SET character_set_client = @saved_cs_client */;

--
-- Dumping data for table `AFFECTATION_IMPRIMANTE`
--

LOCK TABLES `AFFECTATION_IMPRIMANTE` WRITE;
/*!40000 ALTER TABLE `AFFECTATION_IMPRIMANTE` DISABLE KEYS */;
INSERT INTO `AFFECTATION_IMPRIMANTE` VALUES (5,2,2,NULL),(1,1,1,1),(1,2,2,1),(5,1,1,2);
/*!40000 ALTER TABLE `AFFECTATION_IMPRIMANTE` ENABLE KEYS */;
UNLOCK TABLES;

--
-- Table structure for table `AFFICHAGE`
--

DROP TABLE IF EXISTS `AFFICHAGE`;
/*!40101 SET @saved_cs_client     = @@character_set_client */;
/*!40101 SET character_set_client = utf8 */;
CREATE TABLE `AFFICHAGE` (
  `AFFICHAGE_ID` smallint(5) unsigned NOT NULL DEFAULT '0',
  `CREATEUR_ID` int(11) NOT NULL DEFAULT '0',
  `INTITULE` varchar(100) NOT NULL DEFAULT '',
  `NB_LIGNES` smallint(5) unsigned NOT NULL DEFAULT '0',
  `BANQUE_ID` int(10) NOT NULL DEFAULT '1',
  PRIMARY KEY (`AFFICHAGE_ID`),
  KEY `FK_AFFICHAGE_CREATEUR_ID` (`CREATEUR_ID`),
  KEY `FK_AFFICHAGE_BANQUE_ID` (`BANQUE_ID`),
  CONSTRAINT `FK_AFFICHAGE_BANQUE_ID` FOREIGN KEY (`BANQUE_ID`) REFERENCES `BANQUE` (`BANQUE_ID`),
  CONSTRAINT `FK_AFFICHAGE_CREATEUR_ID` FOREIGN KEY (`CREATEUR_ID`) REFERENCES `UTILISATEUR` (`UTILISATEUR_ID`)
) ENGINE=InnoDB DEFAULT CHARSET=utf8;
/*!40101 SET character_set_client = @saved_cs_client */;

--
-- Dumping data for table `AFFICHAGE`
--

LOCK TABLES `AFFICHAGE` WRITE;
/*!40000 ALTER TABLE `AFFICHAGE` DISABLE KEYS */;
INSERT INTO `AFFICHAGE` VALUES (1,2,'Identifiants et produits dérivés',20,1),(2,1,'Essentiel Patient',100,1),(3,3,'Codes décroissants',30,1),(4,4,'Champ Patient INCA',25,2);
/*!40000 ALTER TABLE `AFFICHAGE` ENABLE KEYS */;
UNLOCK TABLES;

--
-- Table structure for table `ANNOTATION_DEFAUT`
--

DROP TABLE IF EXISTS `ANNOTATION_DEFAUT`;
/*!40101 SET @saved_cs_client     = @@character_set_client */;
/*!40101 SET character_set_client = utf8 */;
CREATE TABLE `ANNOTATION_DEFAUT` (
  `ANNOTATION_DEFAUT_ID` int(10) NOT NULL DEFAULT '0',
  `CHAMP_ANNOTATION_ID` int(10) NOT NULL DEFAULT '0',
  `ALPHANUM` varchar(100) DEFAULT NULL,
  `TEXTE` text,
  `ANNO_DATE` datetime DEFAULT NULL,
  `BOOL` tinyint(1) DEFAULT NULL,
  `ITEM_ID` int(10) DEFAULT NULL,
  `OBLIGATOIRE` tinyint(1) NOT NULL DEFAULT '0',
  `BANQUE_ID` int(10) DEFAULT NULL,
  PRIMARY KEY (`ANNOTATION_DEFAUT_ID`),
  KEY `FK_ANNOTATION_DEFAUT_ITEM_ID` (`ITEM_ID`),
  KEY `FK_ANNOTATION_DEFAUT_CHAMP_ANNOTATION_ID` (`CHAMP_ANNOTATION_ID`),
  KEY `FK_ANNOTATION_DEFAUT_BANQUE_ID` (`BANQUE_ID`),
  CONSTRAINT `FK_ANNOTATION_DEFAUT_BANQUE_ID` FOREIGN KEY (`BANQUE_ID`) REFERENCES `BANQUE` (`BANQUE_ID`),
  CONSTRAINT `FK_ANNOTATION_DEFAUT_CHAMP_ANNOTATION_ID` FOREIGN KEY (`CHAMP_ANNOTATION_ID`) REFERENCES `CHAMP_ANNOTATION` (`CHAMP_ANNOTATION_ID`),
  CONSTRAINT `FK_ANNOTATION_DEFAUT_ITEM_ID` FOREIGN KEY (`ITEM_ID`) REFERENCES `ITEM` (`ITEM_ID`)
) ENGINE=InnoDB DEFAULT CHARSET=utf8;
/*!40101 SET character_set_client = @saved_cs_client */;

--
-- Dumping data for table `ANNOTATION_DEFAUT`
--

LOCK TABLES `ANNOTATION_DEFAUT` WRITE;
/*!40000 ALTER TABLE `ANNOTATION_DEFAUT` DISABLE KEYS */;
INSERT INTO `ANNOTATION_DEFAUT` VALUES (1,1,'AlphanumDefaut1',NULL,NULL,NULL,NULL,0,NULL),(2,3,NULL,NULL,NULL,1,NULL,0,NULL),(3,5,NULL,NULL,NULL,NULL,NULL,1,1),(4,7,'007',NULL,NULL,NULL,NULL,1,NULL),(5,9,NULL,'DefaultTexte1',NULL,NULL,NULL,0,NULL),(6,11,NULL,NULL,NULL,NULL,1,0,NULL),(7,12,NULL,NULL,NULL,NULL,3,0,NULL),(8,12,NULL,NULL,NULL,NULL,NULL,1,NULL),(9,13,'File1',NULL,NULL,NULL,NULL,0,NULL),(10,15,'Link1',NULL,NULL,NULL,NULL,0,NULL),(11,5,NULL,NULL,NULL,NULL,NULL,0,2);
/*!40000 ALTER TABLE `ANNOTATION_DEFAUT` ENABLE KEYS */;
UNLOCK TABLES;

--
-- Table structure for table `ANNOTATION_VALEUR`
--

DROP TABLE IF EXISTS `ANNOTATION_VALEUR`;
/*!40101 SET @saved_cs_client     = @@character_set_client */;
/*!40101 SET character_set_client = utf8 */;
CREATE TABLE `ANNOTATION_VALEUR` (
  `ANNOTATION_VALEUR_ID` int(10) NOT NULL DEFAULT '0',
  `CHAMP_ANNOTATION_ID` int(10) NOT NULL DEFAULT '0',
  `OBJET_ID` int(10) NOT NULL DEFAULT '0',
  `ALPHANUM` varchar(100) DEFAULT NULL,
  `TEXTE` text,
  `ANNO_DATE` datetime DEFAULT NULL,
  `BOOL` tinyint(1) DEFAULT NULL,
  `ITEM_ID` int(10) DEFAULT NULL,
  `fichier_id` int(10) DEFAULT NULL,
  `BANQUE_ID` int(10) DEFAULT NULL,
  PRIMARY KEY (`ANNOTATION_VALEUR_ID`),
  KEY `FK_ANNOTATION_VALEUR_ITEM_ID` (`ITEM_ID`),
  KEY `FK_ANNOTATION_VALEUR_FICHIER_ID` (`fichier_id`),
  KEY `FK_ANNOTATION_VALEUR_CHAMP_ANNOTATION_ID` (`CHAMP_ANNOTATION_ID`),
  KEY `FK_ANNOTATION_VALEUR_BANQUE_ID` (`BANQUE_ID`),
  CONSTRAINT `FK_ANNOTATION_VALEUR_BANQUE_ID` FOREIGN KEY (`BANQUE_ID`) REFERENCES `BANQUE` (`BANQUE_ID`),
  CONSTRAINT `FK_ANNOTATION_VALEUR_CHAMP_ANNOTATION_ID` FOREIGN KEY (`CHAMP_ANNOTATION_ID`) REFERENCES `CHAMP_ANNOTATION` (`CHAMP_ANNOTATION_ID`),
  CONSTRAINT `FK_ANNOTATION_VALEUR_FICHIER_ID` FOREIGN KEY (`fichier_id`) REFERENCES `FICHIER` (`FICHIER_ID`),
  CONSTRAINT `FK_ANNOTATION_VALEUR_ITEM_ID` FOREIGN KEY (`ITEM_ID`) REFERENCES `ITEM` (`ITEM_ID`)
) ENGINE=InnoDB DEFAULT CHARSET=utf8;
/*!40101 SET character_set_client = @saved_cs_client */;

--
-- Dumping data for table `ANNOTATION_VALEUR`
--

LOCK TABLES `ANNOTATION_VALEUR` WRITE;
/*!40000 ALTER TABLE `ANNOTATION_VALEUR` DISABLE KEYS */;
INSERT INTO `ANNOTATION_VALEUR` VALUES (1,1,1,'AlphanumValue1',NULL,NULL,NULL,NULL,NULL,1),(2,1,2,'AlphanumValue2',NULL,NULL,NULL,NULL,NULL,1),(3,1,3,'AlphanumValue3',NULL,NULL,NULL,NULL,NULL,1),(4,4,1,NULL,NULL,NULL,1,NULL,NULL,1),(5,5,4,NULL,NULL,'2002-12-12 10:00:00',NULL,NULL,NULL,2),(6,5,1,NULL,NULL,'2004-12-14 14:00:00',NULL,NULL,NULL,1),(7,9,1,NULL,'textVal1',NULL,NULL,NULL,NULL,1),(8,11,4,NULL,NULL,NULL,NULL,1,NULL,2),(9,12,1,NULL,NULL,NULL,NULL,5,NULL,1),(10,14,1,NULL,NULL,NULL,NULL,NULL,1,1),(11,15,1,'http://google.com',NULL,NULL,NULL,NULL,NULL,1),(12,12,1,NULL,NULL,NULL,NULL,6,NULL,1);
/*!40000 ALTER TABLE `ANNOTATION_VALEUR` ENABLE KEYS */;
UNLOCK TABLES;

--
-- Table structure for table `BANQUE`
--

DROP TABLE IF EXISTS `BANQUE`;
/*!40101 SET @saved_cs_client     = @@character_set_client */;
/*!40101 SET character_set_client = utf8 */;
CREATE TABLE `BANQUE` (
  `BANQUE_ID` int(10) NOT NULL DEFAULT '0',
  `COLLABORATEUR_ID` int(10) DEFAULT NULL,
  `CONTACT_ID` int(10) DEFAULT NULL,
  `NOM` varchar(100) NOT NULL DEFAULT '',
  `IDENTIFICATION` varchar(50) DEFAULT NULL,
  `DESCRIPTION` text,
  `PROPRIETAIRE_ID` int(10) DEFAULT NULL,
  `AUTORISE_CROSS_PATIENT` tinyint(1) DEFAULT '0',
  `ARCHIVE` tinyint(1) DEFAULT '0',
  `CONTEXTE_ID` int(2) DEFAULT NULL,
  `PLATEFORME_ID` int(10) NOT NULL DEFAULT '0',
  `DEFMALADIES` tinyint(1) NOT NULL DEFAULT '1',
  `DEFAUT_MALADIE` varchar(250) DEFAULT NULL,
  `ECHANTILLON_COULEUR_ID` int(10) DEFAULT NULL,
  `PROD_DERIVE_COULEUR_ID` int(10) DEFAULT NULL,
  PRIMARY KEY (`BANQUE_ID`),
  KEY `FK_BANQUE_PLATERORME_ID` (`PLATEFORME_ID`),
  KEY `FK_BANQUE_COLLABORATEUR_ID` (`COLLABORATEUR_ID`),
  KEY `FK_BANQUE_PROPRIETAIRE_ID` (`PROPRIETAIRE_ID`),
  KEY `FK_BANQUE_CONTACT_ID` (`CONTACT_ID`),
  KEY `FK_BANQUE_CONTEXTE_ID` (`CONTEXTE_ID`),
  KEY `FK_BANQUE_ECHANTILLON_COULEUR_ID` (`ECHANTILLON_COULEUR_ID`),
  KEY `FK_BANQUE_PROD_DERIVE_COULEUR_ID` (`PROD_DERIVE_COULEUR_ID`),
  CONSTRAINT `FK_BANQUE_COLLABORATEUR_ID` FOREIGN KEY (`COLLABORATEUR_ID`) REFERENCES `COLLABORATEUR` (`COLLABORATEUR_ID`),
  CONSTRAINT `FK_BANQUE_CONTACT_ID` FOREIGN KEY (`CONTACT_ID`) REFERENCES `COLLABORATEUR` (`COLLABORATEUR_ID`),
  CONSTRAINT `FK_BANQUE_CONTEXTE_ID` FOREIGN KEY (`CONTEXTE_ID`) REFERENCES `CONTEXTE` (`CONTEXTE_ID`),
  CONSTRAINT `FK_BANQUE_ECHANTILLON_COULEUR_ID` FOREIGN KEY (`ECHANTILLON_COULEUR_ID`) REFERENCES `COULEUR` (`COULEUR_ID`),
  CONSTRAINT `FK_BANQUE_PLATERORME_ID` FOREIGN KEY (`PLATEFORME_ID`) REFERENCES `PLATEFORME` (`PLATEFORME_ID`),
  CONSTRAINT `FK_BANQUE_PROD_DERIVE_COULEUR_ID` FOREIGN KEY (`PROD_DERIVE_COULEUR_ID`) REFERENCES `COULEUR` (`COULEUR_ID`),
  CONSTRAINT `FK_BANQUE_PROPRIETAIRE_ID` FOREIGN KEY (`PROPRIETAIRE_ID`) REFERENCES `SERVICE` (`SERVICE_ID`)
) ENGINE=InnoDB DEFAULT CHARSET=utf8;
/*!40101 SET character_set_client = @saved_cs_client */;

--
-- Dumping data for table `BANQUE`
--

LOCK TABLES `BANQUE` WRITE;
/*!40000 ALTER TABLE `BANQUE` DISABLE KEYS */;
INSERT INTO `BANQUE` VALUES (1,1,1,'BANQUE1','B1','BANQUE N1',1,1,0,1,1,1,'Glioblastome',NULL,NULL),(2,2,2,'BANQUE2','B2','BANQUE N2',1,0,0,1,1,1,'Périostite',2,NULL),(3,4,NULL,'BANQUE3','B3','BANQUE N3',2,0,0,1,1,0,NULL,2,2),(4,5,3,'BANQUE4','B4','BANQUE N4',4,1,1,2,2,1,NULL,3,4);
/*!40000 ALTER TABLE `BANQUE` ENABLE KEYS */;
UNLOCK TABLES;

--
-- Table structure for table `BANQUE_CATALOGUE`
--

DROP TABLE IF EXISTS `BANQUE_CATALOGUE`;
/*!40101 SET @saved_cs_client     = @@character_set_client */;
/*!40101 SET character_set_client = utf8 */;
CREATE TABLE `BANQUE_CATALOGUE` (
  `BANQUE_ID` int(10) NOT NULL,
  `CATALOGUE_ID` int(3) NOT NULL,
  PRIMARY KEY (`BANQUE_ID`,`CATALOGUE_ID`),
  KEY `FK_BANQUE_CATALOGUE_CATALOGUE_ID` (`CATALOGUE_ID`),
  CONSTRAINT `FK_BANQUE_CATALOGUE_BANQUE_ID` FOREIGN KEY (`BANQUE_ID`) REFERENCES `BANQUE` (`BANQUE_ID`),
  CONSTRAINT `FK_BANQUE_CATALOGUE_CATALOGUE_ID` FOREIGN KEY (`CATALOGUE_ID`) REFERENCES `CATALOGUE` (`CATALOGUE_ID`)
) ENGINE=InnoDB DEFAULT CHARSET=utf8;
/*!40101 SET character_set_client = @saved_cs_client */;

--
-- Dumping data for table `BANQUE_CATALOGUE`
--

LOCK TABLES `BANQUE_CATALOGUE` WRITE;
/*!40000 ALTER TABLE `BANQUE_CATALOGUE` DISABLE KEYS */;
INSERT INTO `BANQUE_CATALOGUE` VALUES (1,1),(2,1),(3,1),(1,4);
/*!40000 ALTER TABLE `BANQUE_CATALOGUE` ENABLE KEYS */;
UNLOCK TABLES;

--
-- Table structure for table `BANQUE_TABLE_CODAGE`
--

DROP TABLE IF EXISTS `BANQUE_TABLE_CODAGE`;
/*!40101 SET @saved_cs_client     = @@character_set_client */;
/*!40101 SET character_set_client = utf8 */;
CREATE TABLE `BANQUE_TABLE_CODAGE` (
  `BANQUE_ID` int(10) NOT NULL,
  `TABLE_CODAGE_ID` int(2) NOT NULL,
  `LIBELLE_EXPORT` tinyint(1) NOT NULL DEFAULT '0',
  KEY `FK_BANQUE_TABLE_CODAGE_BANQUE_ID` (`BANQUE_ID`),
  KEY `FK_BANQUE_TABLE_CODAGE_ID` (`TABLE_CODAGE_ID`),
  CONSTRAINT `FK_BANQUE_TABLE_CODAGE_BANQUE_ID` FOREIGN KEY (`BANQUE_ID`) REFERENCES `BANQUE` (`BANQUE_ID`),
  CONSTRAINT `FK_BANQUE_TABLE_CODAGE_ID` FOREIGN KEY (`TABLE_CODAGE_ID`) REFERENCES `TABLE_CODAGE` (`TABLE_CODAGE_ID`)
) ENGINE=InnoDB DEFAULT CHARSET=utf8;
/*!40101 SET character_set_client = @saved_cs_client */;

--
-- Dumping data for table `BANQUE_TABLE_CODAGE`
--

LOCK TABLES `BANQUE_TABLE_CODAGE` WRITE;
/*!40000 ALTER TABLE `BANQUE_TABLE_CODAGE` DISABLE KEYS */;
INSERT INTO `BANQUE_TABLE_CODAGE` VALUES (1,1,0),(1,2,1),(2,4,1);
/*!40000 ALTER TABLE `BANQUE_TABLE_CODAGE` ENABLE KEYS */;
UNLOCK TABLES;

--
-- Table structure for table `BLOC_IMPRESSION`
--

DROP TABLE IF EXISTS `BLOC_IMPRESSION`;
/*!40101 SET @saved_cs_client     = @@character_set_client */;
/*!40101 SET character_set_client = utf8 */;
CREATE TABLE `BLOC_IMPRESSION` (
  `BLOC_IMPRESSION_ID` int(10) NOT NULL,
  `NOM` varchar(50) NOT NULL,
  `ENTITE_ID` int(2) NOT NULL,
  `ORDRE` int(3) NOT NULL,
  `IS_LISTE` tinyint(1) NOT NULL DEFAULT '0',
  PRIMARY KEY (`BLOC_IMPRESSION_ID`),
  KEY `FK_BLOC_IMPRESSION_ENTITE_ID` (`ENTITE_ID`),
  CONSTRAINT `FK_BLOC_IMPRESSION_ENTITE_ID` FOREIGN KEY (`ENTITE_ID`) REFERENCES `ENTITE` (`ENTITE_ID`)
) ENGINE=InnoDB DEFAULT CHARSET=utf8;
/*!40101 SET character_set_client = @saved_cs_client */;

--
-- Dumping data for table `BLOC_IMPRESSION`
--

LOCK TABLES `BLOC_IMPRESSION` WRITE;
/*!40000 ALTER TABLE `BLOC_IMPRESSION` DISABLE KEYS */;
INSERT INTO `BLOC_IMPRESSION` VALUES (1,'bloc.prelevement.principal',2,1,0),(2,'bloc.prelevement.patient',2,2,0),(3,'bloc.prelevement.informations.prelevement',2,3,0),(4,'bloc.prelevement.laboInter',2,4,0),(5,'bloc.prelevement.echantillons',2,5,1),(6,'bloc.prelevement.prodDerives',2,6,1),(7,'bloc.prodDerive.principal',8,1,0),(8,'bloc.prodDerive.parent',8,2,0),(9,'bloc.prodDerive.informations.complementaires',8,3,0),(10,'bloc.prodDerive.prodDerives',8,4,1),(11,'bloc.prodDerive.cessions',8,5,1),(12,'bloc.cession.principal',5,1,0),(13,'bloc.cession.echantillons',5,2,1),(14,'bloc.cession.prodDerives',5,3,1),(15,'bloc.cession.informations.cession',5,4,0),(16,'bloc.echantillon.principal',3,1,0),(17,'bloc.echantillon.informations.prelevement',3,2,0),(18,'bloc.echantillon.informations.echantillon',3,3,0),(19,'bloc.echantillon.informations.complementaires',3,4,0),(20,'bloc.echantillon.prodDerives',3,5,1),(21,'bloc.echantillon.cessions',3,6,1),(22,'bloc.patient.principal',1,1,0),(23,'bloc.patient.medecins',1,2,1),(24,'bloc.patient.maladies',1,3,1),(25,'bloc.patient.prelevements',1,4,1),(26,'bloc.echantillon.retours',3,7,0),(27,'bloc.prodDerive.retours',8,6,0);
/*!40000 ALTER TABLE `BLOC_IMPRESSION` ENABLE KEYS */;
UNLOCK TABLES;

--
-- Table structure for table `BLOC_IMPRESSION_TEMPLATE`
--

DROP TABLE IF EXISTS `BLOC_IMPRESSION_TEMPLATE`;
/*!40101 SET @saved_cs_client     = @@character_set_client */;
/*!40101 SET character_set_client = utf8 */;
CREATE TABLE `BLOC_IMPRESSION_TEMPLATE` (
  `BLOC_IMPRESSION_ID` int(10) NOT NULL,
  `TEMPLATE_ID` int(10) NOT NULL,
  `ORDRE` int(3) NOT NULL,
  PRIMARY KEY (`BLOC_IMPRESSION_ID`,`TEMPLATE_ID`),
  KEY `FK_BLOC_IMPRESSION_TEMPLATE_TEMPLATE_ID` (`TEMPLATE_ID`),
  CONSTRAINT `FK_BLOC_IMPRESSION_TEMPLATE_BLOC_ID` FOREIGN KEY (`BLOC_IMPRESSION_ID`) REFERENCES `BLOC_IMPRESSION` (`BLOC_IMPRESSION_ID`),
  CONSTRAINT `FK_BLOC_IMPRESSION_TEMPLATE_TEMPLATE_ID` FOREIGN KEY (`TEMPLATE_ID`) REFERENCES `TEMPLATE` (`TEMPLATE_ID`)
) ENGINE=InnoDB DEFAULT CHARSET=utf8;
/*!40101 SET character_set_client = @saved_cs_client */;

--
-- Dumping data for table `BLOC_IMPRESSION_TEMPLATE`
--

LOCK TABLES `BLOC_IMPRESSION_TEMPLATE` WRITE;
/*!40000 ALTER TABLE `BLOC_IMPRESSION_TEMPLATE` DISABLE KEYS */;
INSERT INTO `BLOC_IMPRESSION_TEMPLATE` VALUES (1,1,1),(2,1,2),(3,1,3),(5,1,4);
/*!40000 ALTER TABLE `BLOC_IMPRESSION_TEMPLATE` ENABLE KEYS */;
UNLOCK TABLES;

--
-- Table structure for table `CATALOGUE`
--

DROP TABLE IF EXISTS `CATALOGUE`;
/*!40101 SET @saved_cs_client     = @@character_set_client */;
/*!40101 SET character_set_client = utf8 */;
CREATE TABLE `CATALOGUE` (
  `CATALOGUE_ID` int(3) NOT NULL,
  `NOM` char(25) NOT NULL,
  `DESCRIPTION` char(250) DEFAULT NULL,
  `ICONE` char(100) NOT NULL,
  PRIMARY KEY (`CATALOGUE_ID`)
) ENGINE=InnoDB DEFAULT CHARSET=utf8;
/*!40101 SET character_set_client = @saved_cs_client */;

--
-- Dumping data for table `CATALOGUE`
--

LOCK TABLES `CATALOGUE` WRITE;
/*!40000 ALTER TABLE `CATALOGUE` DISABLE KEYS */;
INSERT INTO `CATALOGUE` VALUES (1,'INCa','Catalogue national tumeurs','/images/icones/catalogues/inca.gif'),(2,'INCa-Tabac','Catalogue national tumeurs - Tabac','/images/icones/catalogues/inca.gif'),(3,'TVGSO','Catalogue régional tumeurs','/images/icones/catalogues/tvgso.gif'),(4,'BIOCAP','Catalogue BIOCAP','/images/icones/catalogues/biocap.gif');
/*!40000 ALTER TABLE `CATALOGUE` ENABLE KEYS */;
UNLOCK TABLES;

--
-- Table structure for table `CATALOGUE_CONTEXTE`
--

DROP TABLE IF EXISTS `CATALOGUE_CONTEXTE`;
/*!40101 SET @saved_cs_client     = @@character_set_client */;
/*!40101 SET character_set_client = utf8 */;
CREATE TABLE `CATALOGUE_CONTEXTE` (
  `CATALOGUE_ID` int(3) NOT NULL,
  `CONTEXTE_ID` int(2) NOT NULL,
  PRIMARY KEY (`CATALOGUE_ID`,`CONTEXTE_ID`),
  KEY `FK_CATALOGUE_CONTEXTE_CONTEXTE` (`CONTEXTE_ID`),
  CONSTRAINT `FK_CATALOGUE_CONTEXTE_CATALOGUE` FOREIGN KEY (`CATALOGUE_ID`) REFERENCES `CATALOGUE` (`CATALOGUE_ID`),
  CONSTRAINT `FK_CATALOGUE_CONTEXTE_CONTEXTE` FOREIGN KEY (`CONTEXTE_ID`) REFERENCES `CONTEXTE` (`CONTEXTE_ID`)
) ENGINE=InnoDB DEFAULT CHARSET=utf8;
/*!40101 SET character_set_client = @saved_cs_client */;

--
-- Dumping data for table `CATALOGUE_CONTEXTE`
--

LOCK TABLES `CATALOGUE_CONTEXTE` WRITE;
/*!40000 ALTER TABLE `CATALOGUE_CONTEXTE` DISABLE KEYS */;
INSERT INTO `CATALOGUE_CONTEXTE` VALUES (1,1),(2,1),(3,1),(4,1),(1,2);
/*!40000 ALTER TABLE `CATALOGUE_CONTEXTE` ENABLE KEYS */;
UNLOCK TABLES;

--
-- Table structure for table `CATEGORIE`
--

DROP TABLE IF EXISTS `CATEGORIE`;
/*!40101 SET @saved_cs_client     = @@character_set_client */;
/*!40101 SET character_set_client = utf8 */;
CREATE TABLE `CATEGORIE` (
  `CATEGORIE_ID` int(2) NOT NULL DEFAULT '0',
  `NOM` varchar(50) NOT NULL DEFAULT '',
  PRIMARY KEY (`CATEGORIE_ID`)
) ENGINE=InnoDB DEFAULT CHARSET=utf8;
/*!40101 SET character_set_client = @saved_cs_client */;

--
-- Dumping data for table `CATEGORIE`
--

LOCK TABLES `CATEGORIE` WRITE;
/*!40000 ALTER TABLE `CATEGORIE` DISABLE KEYS */;
INSERT INTO `CATEGORIE` VALUES (1,'CAT1'),(2,'CAT2');
/*!40000 ALTER TABLE `CATEGORIE` ENABLE KEYS */;
UNLOCK TABLES;

--
-- Table structure for table `CEDER_OBJET`
--

DROP TABLE IF EXISTS `CEDER_OBJET`;
/*!40101 SET @saved_cs_client     = @@character_set_client */;
/*!40101 SET character_set_client = utf8 */;
CREATE TABLE `CEDER_OBJET` (
  `CESSION_ID` int(10) NOT NULL DEFAULT '0',
  `OBJET_ID` int(10) NOT NULL DEFAULT '0',
  `ENTITE_ID` int(10) NOT NULL DEFAULT '3',
  `QUANTITE` float DEFAULT NULL,
  `QUANTITE_UNITE_ID` int(2) DEFAULT NULL,
  PRIMARY KEY (`CESSION_ID`,`OBJET_ID`,`ENTITE_ID`),
  KEY `FK_CEDER_OBJET_ENTITE_ID` (`ENTITE_ID`),
  KEY `FK_CEDER_OBJET_QUANTITE_UNITE_ID` (`QUANTITE_UNITE_ID`),
  CONSTRAINT `FK_CEDER_OBJET_CESSION_ID` FOREIGN KEY (`CESSION_ID`) REFERENCES `CESSION` (`CESSION_ID`),
  CONSTRAINT `FK_CEDER_OBJET_ENTITE_ID` FOREIGN KEY (`ENTITE_ID`) REFERENCES `ENTITE` (`ENTITE_ID`),
  CONSTRAINT `FK_CEDER_OBJET_QUANTITE_UNITE_ID` FOREIGN KEY (`QUANTITE_UNITE_ID`) REFERENCES `UNITE` (`UNITE_ID`)
) ENGINE=InnoDB DEFAULT CHARSET=utf8;
/*!40101 SET character_set_client = @saved_cs_client */;

--
-- Dumping data for table `CEDER_OBJET`
--

LOCK TABLES `CEDER_OBJET` WRITE;
/*!40000 ALTER TABLE `CEDER_OBJET` DISABLE KEYS */;
INSERT INTO `CEDER_OBJET` VALUES (1,1,3,NULL,NULL),(1,3,8,5,1),(2,1,3,NULL,NULL),(2,2,3,7,1),(2,3,3,NULL,NULL),(4,1,8,NULL,NULL);
/*!40000 ALTER TABLE `CEDER_OBJET` ENABLE KEYS */;
UNLOCK TABLES;

--
-- Table structure for table `CESSION`
--

DROP TABLE IF EXISTS `CESSION`;
/*!40101 SET @saved_cs_client     = @@character_set_client */;
/*!40101 SET character_set_client = utf8 */;
CREATE TABLE `CESSION` (
  `CESSION_ID` int(10) NOT NULL DEFAULT '0',
  `NUMERO` varchar(100) NOT NULL,
  `BANQUE_ID` int(11) DEFAULT NULL,
  `CESSION_TYPE_ID` int(11) DEFAULT NULL,
  `DEMANDE_DATE` date DEFAULT NULL,
  `CESSION_EXAMEN_ID` int(3) DEFAULT NULL,
  `CONTRAT_ID` int(10) DEFAULT NULL,
  `ETUDE_TITRE` varchar(100) DEFAULT NULL,
  `DESTINATAIRE_ID` int(10) DEFAULT NULL,
  `SERVICE_DEST_ID` int(10) DEFAULT NULL,
  `DESCRIPTION` text,
  `DEMANDEUR_ID` int(10) DEFAULT NULL,
  `CESSION_STATUT_ID` int(2) NOT NULL DEFAULT '0',
  `VALIDATION_DATE` date DEFAULT NULL,
  `EXECUTANT_ID` int(10) DEFAULT NULL,
  `TRANSPORTEUR_ID` int(10) DEFAULT NULL,
  `DEPART_DATE` datetime DEFAULT NULL,
  `ARRIVEE_DATE` datetime DEFAULT NULL,
  `OBSERVATIONS` varchar(250) DEFAULT NULL,
  `TEMPERATURE` float DEFAULT NULL,
  `DESTRUCTION_MOTIF_ID` int(3) DEFAULT NULL,
  `DESTRUCTION_DATE` datetime DEFAULT NULL,
  `ETAT_INCOMPLET` tinyint(1) DEFAULT '0',
  `ARCHIVE` tinyint(1) DEFAULT '0',
  PRIMARY KEY (`CESSION_ID`),
  KEY `FK_CESSION_BANQUE_ID` (`BANQUE_ID`),
  KEY `FK_CESSION_CESSION_TYPE_ID` (`CESSION_TYPE_ID`),
  KEY `FK_CESSION_CESSION_EXAMEN_ID` (`CESSION_EXAMEN_ID`),
  KEY `FK_CESSION_CONTRAT_ID` (`CONTRAT_ID`),
  KEY `FK_CESSION_DESTINATAIRE_ID` (`DESTINATAIRE_ID`),
  KEY `FK_CESSION_SERVICE_DEST_ID` (`SERVICE_DEST_ID`),
  KEY `FK_CESSION_DEMANDEUR_ID` (`DEMANDEUR_ID`),
  KEY `FK_CESSION_CESSION_STATUT_ID` (`CESSION_STATUT_ID`),
  KEY `FK_CESSION_EXECUTANT_ID` (`EXECUTANT_ID`),
  KEY `FK_CESSION_TRANSPORTEUR_ID` (`TRANSPORTEUR_ID`),
  KEY `FK_CESSION_DESTRUCTION_MOTIF_ID` (`DESTRUCTION_MOTIF_ID`),
  CONSTRAINT `FK_CESSION_BANQUE_ID` FOREIGN KEY (`BANQUE_ID`) REFERENCES `BANQUE` (`BANQUE_ID`),
  CONSTRAINT `FK_CESSION_CESSION_EXAMEN_ID` FOREIGN KEY (`CESSION_EXAMEN_ID`) REFERENCES `CESSION_EXAMEN` (`CESSION_EXAMEN_ID`) ON DELETE SET NULL,
  CONSTRAINT `FK_CESSION_CESSION_STATUT_ID` FOREIGN KEY (`CESSION_STATUT_ID`) REFERENCES `CESSION_STATUT` (`CESSION_STATUT_ID`),
  CONSTRAINT `FK_CESSION_CESSION_TYPE_ID` FOREIGN KEY (`CESSION_TYPE_ID`) REFERENCES `CESSION_TYPE` (`CESSION_TYPE_ID`),
  CONSTRAINT `FK_CESSION_CONTRAT_ID` FOREIGN KEY (`CONTRAT_ID`) REFERENCES `CONTRAT` (`CONTRAT_ID`),
  CONSTRAINT `FK_CESSION_DEMANDEUR_ID` FOREIGN KEY (`DEMANDEUR_ID`) REFERENCES `COLLABORATEUR` (`COLLABORATEUR_ID`),
  CONSTRAINT `FK_CESSION_DESTINATAIRE_ID` FOREIGN KEY (`DESTINATAIRE_ID`) REFERENCES `COLLABORATEUR` (`COLLABORATEUR_ID`),
  CONSTRAINT `FK_CESSION_DESTRUCTION_MOTIF_ID` FOREIGN KEY (`DESTRUCTION_MOTIF_ID`) REFERENCES `DESTRUCTION_MOTIF` (`DESTRUCTION_MOTIF_ID`) ON DELETE SET NULL,
  CONSTRAINT `FK_CESSION_EXECUTANT_ID` FOREIGN KEY (`EXECUTANT_ID`) REFERENCES `COLLABORATEUR` (`COLLABORATEUR_ID`),
  CONSTRAINT `FK_CESSION_SERVICE_DEST_ID` FOREIGN KEY (`SERVICE_DEST_ID`) REFERENCES `SERVICE` (`SERVICE_ID`),
  CONSTRAINT `FK_CESSION_TRANSPORTEUR_ID` FOREIGN KEY (`TRANSPORTEUR_ID`) REFERENCES `TRANSPORTEUR` (`TRANSPORTEUR_ID`)
) ENGINE=InnoDB DEFAULT CHARSET=utf8;
/*!40101 SET character_set_client = @saved_cs_client */;

--
-- Dumping data for table `CESSION`
--

LOCK TABLES `CESSION` WRITE;
/*!40000 ALTER TABLE `CESSION` DISABLE KEYS */;
INSERT INTO `CESSION` VALUES (1,'55',1,1,'2009-11-12',1,NULL,NULL,1,1,'CESSION N1',2,2,'2009-11-14',2,1,'2009-11-12 00:00:00','2009-11-13 00:00:00','OBSERVATIONS A FAIRE',-5.5,NULL,NULL,0,0),(2,'2',1,2,'2009-10-25',NULL,1,'P. RECHECHE ANAPATH',1,2,'CESSION RECHERCHE',2,3,'2009-10-29',2,2,'2009-10-26 00:00:00','2009-10-28 00:00:00','OBSERVATIONS A FAIRE',15,NULL,NULL,0,0),(3,'118',2,2,'2010-01-23',NULL,3,'PROGRAMME DE RECHERCHE',3,2,'CESSION RECHERCHE',3,1,NULL,3,1,NULL,NULL,NULL,-50,NULL,NULL,1,0),(4,'335',1,3,'2009-09-18',NULL,NULL,NULL,1,1,'CESSION DESTRUCTION',2,2,'2009-09-21',2,NULL,'2009-09-19 00:00:00',NULL,'OBSERVATIONS A FAIRE',NULL,1,'2009-09-22 00:00:00',0,0);
/*!40000 ALTER TABLE `CESSION` ENABLE KEYS */;
UNLOCK TABLES;

--
-- Table structure for table `CESSION_EXAMEN`
--

DROP TABLE IF EXISTS `CESSION_EXAMEN`;
/*!40101 SET @saved_cs_client     = @@character_set_client */;
/*!40101 SET character_set_client = utf8 */;
CREATE TABLE `CESSION_EXAMEN` (
  `CESSION_EXAMEN_ID` int(3) NOT NULL DEFAULT '0',
  `EXAMEN` varchar(200) NOT NULL,
  `EXAMEN_EN` varchar(50) DEFAULT NULL,
  `PLATEFORME_ID` int(10) NOT NULL,
  PRIMARY KEY (`CESSION_EXAMEN_ID`),
  KEY `FK_CESSION_EXAMEN_PLATEFORME_ID` (`PLATEFORME_ID`),
  CONSTRAINT `FK_CESSION_EXAMEN_PLATEFORME_ID` FOREIGN KEY (`PLATEFORME_ID`) REFERENCES `PLATEFORME` (`PLATEFORME_ID`)
) ENGINE=InnoDB DEFAULT CHARSET=utf8;
/*!40101 SET character_set_client = @saved_cs_client */;

--
-- Dumping data for table `CESSION_EXAMEN`
--

LOCK TABLES `CESSION_EXAMEN` WRITE;
/*!40000 ALTER TABLE `CESSION_EXAMEN` DISABLE KEYS */;
INSERT INTO `CESSION_EXAMEN` VALUES (1,'EXAMEN 1','EXAMEN_EN 1',1),(2,'ANALYSE 1','ANALYSE_EN 1',1),(3,'EXAMEN 2','EXAMEN_EN 2',1),(4,'ANALYSE 2','ANALYSE_EN 2',2);
/*!40000 ALTER TABLE `CESSION_EXAMEN` ENABLE KEYS */;
UNLOCK TABLES;

--
-- Table structure for table `CESSION_STATUT`
--

DROP TABLE IF EXISTS `CESSION_STATUT`;
/*!40101 SET @saved_cs_client     = @@character_set_client */;
/*!40101 SET character_set_client = utf8 */;
CREATE TABLE `CESSION_STATUT` (
  `CESSION_STATUT_ID` int(2) NOT NULL DEFAULT '0',
  `STATUT` char(15) NOT NULL DEFAULT '',
  PRIMARY KEY (`CESSION_STATUT_ID`)
) ENGINE=InnoDB DEFAULT CHARSET=utf8;
/*!40101 SET character_set_client = @saved_cs_client */;

--
-- Dumping data for table `CESSION_STATUT`
--

LOCK TABLES `CESSION_STATUT` WRITE;
/*!40000 ALTER TABLE `CESSION_STATUT` DISABLE KEYS */;
INSERT INTO `CESSION_STATUT` VALUES (1,'EN ATTENTE'),(2,'VALIDEE'),(3,'REFUSEE');
/*!40000 ALTER TABLE `CESSION_STATUT` ENABLE KEYS */;
UNLOCK TABLES;

--
-- Table structure for table `CESSION_TYPE`
--

DROP TABLE IF EXISTS `CESSION_TYPE`;
/*!40101 SET @saved_cs_client     = @@character_set_client */;
/*!40101 SET character_set_client = utf8 */;
CREATE TABLE `CESSION_TYPE` (
  `CESSION_TYPE_ID` int(2) NOT NULL DEFAULT '0',
  `TYPE` char(15) NOT NULL DEFAULT '',
  PRIMARY KEY (`CESSION_TYPE_ID`)
) ENGINE=InnoDB DEFAULT CHARSET=utf8;
/*!40101 SET character_set_client = @saved_cs_client */;

--
-- Dumping data for table `CESSION_TYPE`
--

LOCK TABLES `CESSION_TYPE` WRITE;
/*!40000 ALTER TABLE `CESSION_TYPE` DISABLE KEYS */;
INSERT INTO `CESSION_TYPE` VALUES (1,'Sanitaire'),(2,'Recherche'),(3,'Destruction');
/*!40000 ALTER TABLE `CESSION_TYPE` ENABLE KEYS */;
UNLOCK TABLES;

--
-- Table structure for table `CHAMP`
--

DROP TABLE IF EXISTS `CHAMP`;
/*!40101 SET @saved_cs_client     = @@character_set_client */;
/*!40101 SET character_set_client = utf8 */;
CREATE TABLE `CHAMP` (
  `CHAMP_ID` int(10) NOT NULL DEFAULT '0',
  `CHAMP_ANNOTATION_ID` int(10) DEFAULT NULL,
  `CHAMP_ENTITE_ID` int(10) DEFAULT NULL,
  `CHAMP_PARENT_ID` int(10) DEFAULT NULL,
  PRIMARY KEY (`CHAMP_ID`),
  KEY `FK_CHAMP_CHAMP_ANNOTATION_ID` (`CHAMP_ANNOTATION_ID`),
  KEY `FK_CHAMP_CHAMP_ENTITE_ID` (`CHAMP_ENTITE_ID`),
  CONSTRAINT `FK_CHAMP_CHAMP_ANNOTATION_ID` FOREIGN KEY (`CHAMP_ANNOTATION_ID`) REFERENCES `CHAMP_ANNOTATION` (`CHAMP_ANNOTATION_ID`),
  CONSTRAINT `FK_CHAMP_CHAMP_ENTITE_ID` FOREIGN KEY (`CHAMP_ENTITE_ID`) REFERENCES `CHAMP_ENTITE` (`CHAMP_ENTITE_ID`)
) ENGINE=InnoDB DEFAULT CHARSET=utf8;
/*!40101 SET character_set_client = @saved_cs_client */;

--
-- Dumping data for table `CHAMP`
--

LOCK TABLES `CHAMP` WRITE;
/*!40000 ALTER TABLE `CHAMP` DISABLE KEYS */;
INSERT INTO `CHAMP` VALUES (1,NULL,1,NULL),(2,NULL,61,NULL),(3,NULL,62,NULL),(4,NULL,4,NULL),(5,NULL,5,NULL),(6,NULL,3,NULL),(7,NULL,5,NULL),(8,NULL,10,NULL),(9,NULL,11,NULL),(10,NULL,17,NULL),(11,NULL,18,NULL),(12,NULL,23,NULL),(13,NULL,54,NULL),(17,NULL,1,NULL),(18,NULL,4,NULL),(19,NULL,61,NULL),(20,NULL,62,NULL),(21,NULL,1,NULL),(22,NULL,61,NULL),(23,NULL,62,NULL),(24,NULL,4,NULL),(25,NULL,5,NULL),(26,NULL,3,NULL),(27,NULL,3,NULL),(28,NULL,55,NULL),(29,NULL,113,28),(30,NULL,6,NULL),(31,NULL,7,NULL),(32,NULL,5,NULL),(33,NULL,54,NULL),(34,NULL,2,NULL),(35,NULL,3,NULL),(36,NULL,10,NULL),(37,NULL,7,NULL),(38,NULL,17,NULL),(39,NULL,23,NULL),(40,NULL,24,NULL),(41,NULL,26,NULL),(42,NULL,28,NULL),(43,2,NULL,NULL),(44,3,NULL,NULL),(45,NULL,2,NULL),(46,NULL,3,NULL),(47,NULL,5,NULL),(48,NULL,19,NULL),(49,NULL,5,NULL),(50,15,NULL,NULL),(51,27,NULL,NULL),(52,39,NULL,NULL),(53,NULL,54,NULL),(54,NULL,58,NULL),(55,NULL,56,NULL),(56,NULL,79,NULL),(57,NULL,78,NULL),(58,NULL,95,NULL),(59,NULL,57,NULL),(60,NULL,87,NULL),(61,NULL,55,NULL),(62,NULL,2,NULL),(63,NULL,3,NULL),(64,NULL,4,NULL),(65,NULL,5,NULL),(66,NULL,6,NULL),(67,NULL,7,NULL),(68,NULL,8,NULL),(69,NULL,9,NULL),(70,NULL,10,NULL),(71,NULL,11,NULL),(72,NULL,12,NULL),(73,NULL,17,NULL),(74,NULL,18,NULL),(75,NULL,19,NULL),(76,NULL,20,NULL),(77,NULL,23,NULL),(78,NULL,24,NULL),(79,NULL,26,NULL),(80,NULL,27,NULL),(81,NULL,28,NULL),(82,NULL,29,NULL),(83,NULL,30,NULL),(84,NULL,31,NULL),(85,NULL,32,NULL),(86,NULL,33,NULL),(87,NULL,34,NULL),(88,NULL,35,NULL),(89,NULL,36,NULL),(90,NULL,37,NULL),(91,NULL,38,NULL),(92,NULL,39,NULL),(93,NULL,40,NULL),(94,NULL,41,NULL),(95,NULL,44,NULL),(96,NULL,45,NULL),(97,NULL,47,NULL),(98,NULL,53,NULL),(99,NULL,54,NULL),(100,NULL,55,NULL),(101,NULL,56,NULL),(102,NULL,57,NULL),(103,NULL,58,NULL),(104,NULL,60,NULL),(105,NULL,61,NULL),(106,NULL,62,NULL),(107,NULL,63,NULL),(108,NULL,67,NULL),(109,NULL,68,NULL),(110,NULL,69,NULL),(111,NULL,70,NULL),(112,NULL,72,NULL),(113,NULL,78,NULL),(114,NULL,79,NULL),(115,NULL,80,NULL),(116,NULL,81,NULL),(117,NULL,82,NULL),(118,NULL,83,NULL),(119,NULL,84,NULL),(120,NULL,85,NULL),(121,NULL,86,NULL),(122,NULL,87,NULL),(123,NULL,88,NULL),(124,NULL,89,NULL),(125,NULL,90,NULL),(126,NULL,91,NULL),(127,NULL,92,NULL),(128,NULL,93,NULL),(129,NULL,95,NULL),(130,NULL,237,NULL),(131,NULL,229,NULL),(132,NULL,230,NULL),(133,NULL,23,NULL),(134,NULL,23,NULL),(135,NULL,54,NULL),(136,NULL,54,NULL),(137,NULL,79,NULL),(138,NULL,79,NULL),(139,NULL,3,NULL),(140,NULL,5,NULL),(141,NULL,56,NULL),(142,NULL,61,NULL),(143,NULL,249,NULL);
/*!40000 ALTER TABLE `CHAMP` ENABLE KEYS */;
UNLOCK TABLES;

--
-- Table structure for table `CHAMP_ANNOTATION`
--

DROP TABLE IF EXISTS `CHAMP_ANNOTATION`;
/*!40101 SET @saved_cs_client     = @@character_set_client */;
/*!40101 SET character_set_client = utf8 */;
CREATE TABLE `CHAMP_ANNOTATION` (
  `CHAMP_ANNOTATION_ID` int(10) NOT NULL,
  `NOM` varchar(100) NOT NULL DEFAULT '',
  `DATA_TYPE_ID` int(10) NOT NULL DEFAULT '0',
  `TABLE_ANNOTATION_ID` int(10) NOT NULL DEFAULT '0',
  `COMBINE` tinyint(1) DEFAULT '0',
  `ORDRE` int(3) NOT NULL DEFAULT '0',
  `EDIT` tinyint(1) DEFAULT '1',
  PRIMARY KEY (`CHAMP_ANNOTATION_ID`),
  KEY `FK_CHAMP_ANNOTATION_DATA_TYPE_ID` (`DATA_TYPE_ID`),
  KEY `FK_CHAMP_ANNOTATION_TABLE_ANNOTATION_ID` (`TABLE_ANNOTATION_ID`),
  CONSTRAINT `FK_CHAMP_ANNOTATION_DATA_TYPE_ID` FOREIGN KEY (`DATA_TYPE_ID`) REFERENCES `DATA_TYPE` (`DATA_TYPE_ID`),
  CONSTRAINT `FK_CHAMP_ANNOTATION_TABLE_ANNOTATION_ID` FOREIGN KEY (`TABLE_ANNOTATION_ID`) REFERENCES `TABLE_ANNOTATION` (`TABLE_ANNOTATION_ID`)
) ENGINE=InnoDB DEFAULT CHARSET=utf8;
/*!40101 SET character_set_client = @saved_cs_client */;

--
-- Dumping data for table `CHAMP_ANNOTATION`
--

LOCK TABLES `CHAMP_ANNOTATION` WRITE;
/*!40000 ALTER TABLE `CHAMP_ANNOTATION` DISABLE KEYS */;
INSERT INTO `CHAMP_ANNOTATION` VALUES (1,'Alphanum1',1,1,0,1,1),(2,'Alphanum2',1,2,1,1,1),(3,'Bool1',2,2,NULL,2,1),(4,'Bool2',2,3,NULL,1,0),(5,'Date1',3,3,NULL,2,0),(6,'Date2',3,4,NULL,1,1),(7,'Num1',5,3,NULL,3,0),(8,'Num2',5,4,1,2,1),(9,'Texte1',6,3,NULL,5,1),(10,'Texte2',6,5,NULL,1,1),(11,'Thes1',7,3,0,6,1),(12,'Thes2',10,5,1,2,1),(13,'File1',8,1,NULL,2,1),(14,'File2',8,5,NULL,3,1),(15,'Link1',9,2,NULL,4,1),(16,'Link2',9,4,NULL,5,1),(17,'AlphanumDerive',1,6,0,2,1),(18,'BoolDerive',2,6,NULL,1,1),(19,'055 : Données cliniques disponibles dans une base',2,7,0,1,0),(20,'056 : Inclusion dans un protocole thérapeutique',2,7,0,2,0),(21,'057 : Nom du protocole thérapeutique',7,7,0,3,1),(22,'058 : Caryotype',2,7,0,4,0),(23,'059 : Anomalie éventuelle',7,7,0,5,1),(24,'060 : Anomalie génomique',2,7,0,6,0),(25,'061 : Description anomalie génomique',6,7,0,7,0),(26,'076 : Cause du décès',7,7,0,8,0),(27,'009 : version cTNM',7,8,0,1,0),(28,'010 : Taille de la tumeur : cT',7,8,0,2,0),(29,'011 : Envahissement ganglionnaire : cN',7,8,0,3,0),(30,'012 : Extension métastatique : cM',7,8,0,4,0),(31,'022 : Type évènement',7,8,0,5,0),(32,'023 : Version du pTNM',7,8,0,6,0),(33,'024 : Taille de la tumeur primitive : pT',7,8,0,7,0),(34,'025 : Envahissement ganglionnaire : pN',7,8,0,8,0),(35,'026 : Extension métastatique : pM',7,8,0,9,0),(36,'054 : CR anapath standardisé interrogeable',2,8,0,10,0),(37,'063 : Inclusion dans un programme de recherche',2,8,0,11,0),(38,'064 : Nom du programme de recherche',7,8,0,12,1),(39,'065 : Champs spécifique du type cancer',6,8,0,13,0),(40,'032/044 : Contrôle sur tissu',7,9,0,1,0),(41,'035 : Pourcentage de cellules tumorales',5,9,0,2,0),(42,'069 : Disponibilité questionnaire antécédents tabac',2,10,0,1,0),(43,'070 : Disponibilté questionnaire familial',2,10,0,2,0),(44,'071 : Disponibilté questionnaire professionnel',2,10,0,3,0),(45,'074 : Statut tabac approfondi',7,10,0,4,0),(46,'075 : NPA',6,10,0,5,0),(47,'072 : Echantillon radio-naïf',2,11,0,1,0),(48,'073 : Echantillon chimio-naïf',2,11,0,2,0);
/*!40000 ALTER TABLE `CHAMP_ANNOTATION` ENABLE KEYS */;
UNLOCK TABLES;

--
-- Table structure for table `CHAMP_ENTITE`
--

DROP TABLE IF EXISTS `CHAMP_ENTITE`;
/*!40101 SET @saved_cs_client     = @@character_set_client */;
/*!40101 SET character_set_client = utf8 */;
CREATE TABLE `CHAMP_ENTITE` (
  `CHAMP_ENTITE_ID` int(10) NOT NULL DEFAULT '0',
  `NOM` varchar(50) NOT NULL DEFAULT '',
  `DATA_TYPE_ID` int(2) NOT NULL DEFAULT '0',
  `IS_NULL` tinyint(1) NOT NULL DEFAULT '0',
  `IS_UNIQUE` tinyint(1) NOT NULL DEFAULT '0',
  `VALEUR_DEFAUT` varchar(50) DEFAULT NULL,
  `ENTITE_ID` int(2) NOT NULL DEFAULT '0',
  `CAN_IMPORT` tinyint(1) NOT NULL DEFAULT '0',
  `QUERY_CHAMP_ID` int(10) DEFAULT NULL,
  PRIMARY KEY (`CHAMP_ENTITE_ID`),
  KEY `FK_CHAMP_ENTITE_CHAMP_ENTITE_ID` (`ENTITE_ID`),
  KEY `FK_CHAMP_ENTITE_DATA_TYPE_ID` (`DATA_TYPE_ID`),
  CONSTRAINT `FK_CHAMP_ENTITE_CHAMP_ENTITE_ID` FOREIGN KEY (`ENTITE_ID`) REFERENCES `ENTITE` (`ENTITE_ID`),
  CONSTRAINT `FK_CHAMP_ENTITE_DATA_TYPE_ID` FOREIGN KEY (`DATA_TYPE_ID`) REFERENCES `DATA_TYPE` (`DATA_TYPE_ID`)
) ENGINE=InnoDB DEFAULT CHARSET=utf8;
/*!40101 SET character_set_client = @saved_cs_client */;

--
-- Dumping data for table `CHAMP_ENTITE`
--

LOCK TABLES `CHAMP_ENTITE` WRITE;
/*!40000 ALTER TABLE `CHAMP_ENTITE` DISABLE KEYS */;
INSERT INTO `CHAMP_ENTITE` VALUES (1,'PatientId',5,0,1,'0',1,0,NULL),(2,'Nip',1,1,0,NULL,1,1,NULL),(3,'Nom',1,0,0,NULL,1,1,NULL),(4,'NomNaissance',1,1,0,NULL,1,1,NULL),(5,'Prenom',1,0,0,NULL,1,1,NULL),(6,'Sexe',1,0,0,NULL,1,1,NULL),(7,'DateNaissance',3,0,0,NULL,1,1,NULL),(8,'VilleNaissance',1,1,0,NULL,1,1,NULL),(9,'PaysNaissance',1,1,0,NULL,1,1,NULL),(10,'PatientEtat',1,0,0,'inconnu',1,1,NULL),(11,'DateEtat',3,1,0,NULL,1,1,NULL),(12,'DateDeces',3,1,0,NULL,1,1,NULL),(13,'EtatIncomplet',2,1,0,NULL,1,0,NULL),(14,'Archive',2,1,0,NULL,1,0,NULL),(15,'MaladieId',5,0,1,'0',7,0,NULL),(16,'PatientId',5,0,0,'0',7,0,NULL),(17,'Libelle',1,0,0,'inconnu',7,1,NULL),(18,'Code',1,1,0,NULL,7,1,NULL),(19,'DateDiagnostic',3,1,0,NULL,7,1,NULL),(20,'DateDebut',3,1,0,NULL,7,1,NULL),(21,'PrelevementId',5,0,1,'0',2,0,NULL),(22,'BanqueId',5,0,0,'0',2,0,NULL),(23,'Code',1,0,0,NULL,2,1,NULL),(24,'NatureId',5,0,0,'0',2,1,111),(25,'MaladieId',5,1,0,NULL,2,0,NULL),(26,'ConsentTypeId',5,0,0,NULL,2,1,113),(27,'ConsentDate',3,1,0,NULL,2,1,NULL),(28,'PreleveurId',5,1,0,NULL,2,1,199),(29,'ServicePreleveurId',5,1,0,NULL,2,1,194),(30,'DatePrelevement',3,1,0,NULL,2,1,NULL),(31,'PrelevementTypeId',5,1,0,NULL,2,1,116),(32,'ConditTypeId',5,1,0,NULL,2,1,144),(33,'ConditMilieuId',5,1,0,NULL,2,1,118),(34,'ConditNbr',5,1,0,NULL,2,1,NULL),(35,'DateDepart',3,1,0,NULL,2,1,NULL),(36,'TransporteurId',5,1,0,NULL,2,1,206),(37,'TransportTemp',5,1,0,NULL,2,1,NULL),(38,'DateArrivee',3,1,0,NULL,2,1,NULL),(39,'OperateurId',5,1,0,NULL,2,1,199),(40,'Quantite',5,1,0,NULL,2,1,NULL),(41,'QuantiteUniteId',5,1,0,NULL,2,1,120),(44,'PatientNda',1,1,0,NULL,2,1,NULL),(45,'NumeroLabo',1,1,0,NULL,2,1,NULL),(46,'DateCongelation',3,1,0,NULL,2,0,NULL),(47,'Sterile',2,1,0,NULL,2,1,NULL),(48,'EtatIncomplet',2,1,0,'0',2,0,NULL),(49,'Archive',2,1,0,'0',2,0,NULL),(50,'EchantillonId',5,0,1,'0',3,0,NULL),(51,'BanqueId',5,0,0,'0',3,0,NULL),(52,'PrelevementId',5,0,0,'0',3,0,NULL),(53,'CollaborateurId',5,1,0,NULL,3,1,199),(54,'Code',1,0,0,NULL,3,1,NULL),(55,'ObjetStatutId',5,1,0,NULL,3,1,123),(56,'DateStock',3,1,0,NULL,3,1,NULL),(57,'EmplacementId',5,1,0,NULL,3,1,NULL),(58,'EchantillonTypeId',5,0,0,'0',3,1,215),(59,'AdicapOrganeId',5,1,0,NULL,3,0,NULL),(60,'Lateralite',1,1,0,NULL,3,1,NULL),(61,'Quantite',5,1,0,'0',3,1,NULL),(62,'QuantiteInit',5,1,0,NULL,3,1,NULL),(63,'QuantiteUniteId',5,1,0,NULL,3,1,120),(67,'DelaiCgl',5,1,0,NULL,3,1,NULL),(68,'EchanQualiteId',5,1,0,NULL,3,1,131),(69,'Tumoral',2,1,0,NULL,3,1,NULL),(70,'ModePrepaId',5,1,0,NULL,3,1,133),(71,'FichierId',5,1,0,NULL,3,0,NULL),(72,'Sterile',2,1,0,NULL,3,1,NULL),(73,'ReservationId',5,1,0,NULL,3,0,NULL),(74,'EtatIncomplet',2,1,0,'0',3,0,NULL),(75,'Archive',2,1,0,'0',3,0,NULL),(76,'ProdDeriveId',5,0,1,'0',8,0,NULL),(77,'BanqueId',5,0,0,'0',8,0,NULL),(78,'ProdTypeId',5,0,0,'0',8,1,140),(79,'Code',1,0,0,NULL,8,1,NULL),(80,'CodeLabo',1,1,0,NULL,8,1,NULL),(81,'ObjetStatutId',5,1,0,NULL,8,1,123),(82,'CollaborateurId',5,1,0,NULL,8,1,199),(83,'VolumeInit',5,1,0,NULL,8,1,NULL),(84,'Volume',5,1,0,NULL,8,1,NULL),(85,'Conc',5,1,0,NULL,8,1,NULL),(86,'DateStock',3,1,0,NULL,8,1,NULL),(87,'EmplacementId',5,1,0,NULL,8,1,NULL),(88,'VolumeUniteId',5,1,0,NULL,8,1,120),(89,'ConcUniteId',5,1,0,NULL,8,1,120),(90,'QuantiteInit',5,1,0,NULL,8,1,NULL),(91,'Quantite',5,1,0,NULL,8,1,NULL),(92,'QuantiteUniteId',5,1,0,NULL,8,1,120),(93,'ProdQualiteId',5,1,0,NULL,8,1,142),(94,'TransformationId',5,1,0,NULL,8,0,NULL),(95,'DateTransformation',3,1,0,NULL,8,1,NULL),(96,'ReservationId',5,1,0,NULL,8,0,NULL),(97,'EtatIncomplet',2,1,0,'0',8,0,NULL),(98,'Archive',2,1,0,'0',8,0,NULL),(99,'BanqueId',5,0,1,'0',34,0,NULL),(100,'CollaborateurId',5,1,1,NULL,34,0,NULL),(101,'Nom',1,0,0,NULL,34,0,NULL),(102,'Identification',1,1,0,NULL,34,0,NULL),(103,'Description',1,1,0,NULL,34,0,NULL),(104,'ProprietaireId',5,1,0,NULL,34,0,NULL),(105,'AutoriseCrossPatient',2,1,0,NULL,34,0,NULL),(106,'Archive',2,1,0,NULL,34,0,NULL),(107,'DefMaladies',2,1,0,NULL,34,0,NULL),(108,'ContexteId',5,1,0,NULL,34,0,NULL),(109,'PlateformeId',5,0,0,NULL,34,0,NULL),(110,'NatureId',5,0,1,'0',35,0,NULL),(111,'Nature',1,0,1,NULL,35,0,NULL),(112,'ConsentTypeId',5,0,1,'0',36,0,NULL),(113,'Type',1,0,1,NULL,36,0,NULL),(114,'PrelevementTypeId',5,0,1,'0',37,0,NULL),(115,'IncaCat',1,1,0,NULL,37,0,NULL),(116,'Type',1,0,1,NULL,37,0,NULL),(117,'ConditMilieuId',5,0,1,'0',38,0,NULL),(118,'Milieu',1,0,1,NULL,38,0,NULL),(119,'UniteId',5,0,1,'0',39,0,NULL),(120,'Unite',1,0,1,NULL,39,0,NULL),(121,'Type',1,0,0,NULL,39,0,NULL),(122,'ObjetStatutId',5,0,1,'0',40,0,NULL),(123,'Statut',1,0,1,NULL,40,0,NULL),(124,'Code',1,0,0,NULL,41,0,NULL),(125,'Libelle',1,0,0,NULL,41,0,NULL),(126,'Libelle',1,0,1,NULL,41,0,NULL),(127,'Dictionnaire',5,0,0,NULL,41,0,NULL),(128,'TopoParentId',5,0,0,NULL,41,0,NULL),(129,'Morpho',2,1,0,NULL,41,0,NULL),(130,'EchanQualiteId',5,0,1,'0',42,0,NULL),(131,'EchanQualite',1,0,1,NULL,42,0,NULL),(132,'ModePrepaId',5,0,1,'0',43,0,NULL),(133,'Nom',1,0,1,NULL,43,0,NULL),(134,'NomEn',1,1,0,NULL,43,0,NULL),(135,'ReservationId',5,0,1,'0',44,0,NULL),(136,'Fin',3,1,0,NULL,44,0,NULL),(137,'Debut',3,1,0,NULL,44,0,NULL),(138,'UtilisateurId',5,0,0,NULL,44,0,NULL),(139,'ProdTypeId',5,0,1,'0',45,0,NULL),(140,'Type',1,0,1,NULL,45,0,NULL),(141,'ProdQualiteId',5,0,1,'0',46,0,NULL),(142,'ProdQualite',1,0,1,NULL,46,0,NULL),(143,'ConditTypeId',5,0,1,'0',47,0,NULL),(144,'Type',1,0,1,NULL,47,0,NULL),(145,'CessionId',5,0,1,'0',5,0,NULL),(146,'Numero',5,1,1,NULL,5,1,NULL),(147,'BanqueId',5,1,0,NULL,5,0,NULL),(148,'CessionTypeId',5,1,0,NULL,5,1,171),(149,'DemandeDate',3,1,0,NULL,5,1,NULL),(150,'CessionExamenId',5,1,0,NULL,5,1,173),(151,'ContratId',5,1,0,NULL,5,1,176),(152,'EtudeTitre',6,1,0,NULL,5,1,NULL),(153,'DestinataireId',5,1,0,NULL,5,1,199),(154,'ServiceDestId',5,1,0,NULL,5,1,194),(155,'Description',6,1,0,NULL,5,1,NULL),(156,'DemandeurId',5,1,0,NULL,5,1,199),(157,'CessionStatutId',5,0,0,NULL,5,1,188),(158,'ValidationDate',3,1,0,NULL,5,1,NULL),(159,'ExecutantId',5,1,0,NULL,5,1,199),(160,'TransporteurId',5,1,0,NULL,5,1,206),(161,'DepartDate',3,1,0,NULL,5,1,NULL),(162,'ArriveeDate',3,1,0,NULL,5,1,NULL),(163,'Observations',6,1,0,NULL,5,1,NULL),(164,'Temperature',5,1,0,NULL,5,1,NULL),(165,'DestructionMotifId',5,1,0,NULL,5,1,190),(166,'DestructionDate',3,1,0,NULL,5,1,NULL),(167,'Sterile',2,1,0,NULL,5,1,NULL),(168,'EtatIncomplet',2,1,0,NULL,5,0,NULL),(169,'Archive',2,1,0,NULL,5,0,NULL),(170,'CessionTypeId',5,0,1,'0',48,0,NULL),(171,'Type',1,0,1,NULL,48,0,NULL),(172,'CessionExamenId',5,0,1,'0',49,0,NULL),(173,'Examen',1,0,1,NULL,49,0,NULL),(174,'ExamenEn',1,1,0,NULL,49,0,NULL),(175,'ContratId',5,0,1,'0',18,0,NULL),(176,'Numero',5,1,1,NULL,18,0,NULL),(177,'DateDemandeCession',3,1,0,NULL,18,0,NULL),(178,'DateValidation',3,1,0,NULL,18,0,NULL),(179,'DateDemandeRedaction',3,1,0,NULL,18,0,NULL),(180,'DateEnvoiContrat',3,1,0,NULL,18,0,NULL),(181,'DateSignature',3,1,0,NULL,18,0,NULL),(182,'TitreProjet',6,1,0,NULL,18,0,NULL),(183,'CollaborateurId',5,1,0,NULL,18,0,NULL),(184,'ServiceId',5,1,0,NULL,18,0,NULL),(185,'ProtocoleTypeId',5,1,0,NULL,18,0,NULL),(186,'Description',6,1,0,NULL,18,0,NULL),(187,'CessionStatutId',5,0,1,'0',50,0,NULL),(188,'Statut',1,0,1,NULL,50,0,NULL),(189,'DestructionMotifId',5,0,1,'0',51,0,NULL),(190,'Motif',6,0,1,NULL,51,0,NULL),(191,'ServiceId',5,0,1,'0',26,0,NULL),(192,'CoordonneeId',5,1,0,NULL,26,0,NULL),(193,'EtablissementId',5,0,0,NULL,26,0,NULL),(194,'Nom',6,0,1,NULL,26,0,NULL),(195,'Archive',2,1,0,NULL,26,0,NULL),(196,'CollaborateurId',5,0,1,'0',27,0,NULL),(197,'EtalissementId',5,1,0,NULL,27,0,NULL),(198,'SpecialiteId',5,0,1,NULL,27,0,NULL),(199,'Nom',1,1,0,NULL,27,0,NULL),(200,'Prenom',1,1,0,NULL,27,0,NULL),(201,'Initiales',1,1,0,NULL,27,0,NULL),(202,'TitreId',5,1,0,NULL,27,0,NULL),(203,'Archive',2,1,0,NULL,27,0,NULL),(204,'TransporteurId',5,0,1,'0',28,0,NULL),(205,'CoordonneeId',5,1,0,NULL,28,0,NULL),(206,'Nom',1,0,1,NULL,28,0,NULL),(207,'ContactNom',1,1,0,NULL,28,0,NULL),(208,'ContactPrenom',1,1,0,NULL,28,0,NULL),(209,'ContactTel',1,1,0,NULL,28,0,NULL),(210,'ContactFax',1,1,0,NULL,28,0,NULL),(211,'ContactMail',6,1,0,NULL,28,0,NULL),(212,'Archive',2,1,0,NULL,28,0,NULL),(213,'EchantillonTypeId',5,0,1,'0',52,0,NULL),(214,'IncaCat',1,1,0,NULL,52,0,NULL),(215,'Type',1,0,1,NULL,52,0,NULL),(216,'CodeAssigneId',5,1,0,NULL,3,0,NULL),(217,'QuantiteCedee',5,1,0,NULL,5,0,NULL),(218,'QuantiteDemandee',5,1,0,NULL,5,0,NULL),(219,'QuantiteRestante',5,1,0,NULL,5,0,NULL),(220,'NbEchantillons',1,1,0,NULL,2,0,NULL),(221,'SystemeDefaut',2,0,0,'0',7,0,NULL),(222,'Maladies',1,0,0,NULL,1,0,NULL),(223,'Prelevements',1,0,0,NULL,7,0,NULL),(224,'Echantillons',1,0,0,NULL,2,0,NULL),(225,'ProdDerives',1,0,0,NULL,2,0,NULL),(226,'ProdDerives',1,0,0,NULL,3,0,NULL),(227,'PatientMedecins',1,0,0,NULL,1,0,NULL),(228,'Pk.collaborateur',1,0,0,NULL,55,0,NULL),(229,'CodeOrganes',1,1,0,NULL,3,1,NULL),(230,'CodeMorphos',1,1,0,NULL,3,1,NULL),(231,'Code',1,0,0,NULL,54,0,NULL),(232,'Diagnostic',1,1,0,NULL,2,0,NULL),(233,'Stockes',1,1,0,NULL,3,0,NULL),(234,'ModePrepaDeriveId',5,0,1,'0',59,0,NULL),(235,'Nom',1,0,1,NULL,59,0,NULL),(236,'NomEn',1,1,0,NULL,59,0,NULL),(237,'ModePrepaDeriveId',5,1,0,NULL,8,1,235),(238,'TransformationId',5,0,1,'0',60,0,NULL),(239,'Quantite',5,1,0,NULL,60,1,NULL),(240,'QuantiteUniteId',5,1,0,NULL,60,1,120),(241,'CodesAssignes',1,1,0,NULL,3,0,NULL),(242,'ConformeArrivee',2,1,0,NULL,2,1,NULL),(243,'ConformeTraitement',2,1,0,NULL,3,1,NULL),(244,'ConformeCession',2,1,0,NULL,3,1,NULL),(245,'Sorties',1,1,0,NULL,3,0,NULL),(246,'RisqueId',5,0,0,NULL,62,0,NULL),(247,'Nom',1,0,0,NULL,62,0,NULL),(248,'Infectieux',2,0,0,NULL,62,0,NULL),(249,'Risques',10,1,0,NULL,2,1,247),(250,'ConformeTraitement',2,1,0,NULL,8,1,NULL),(251,'ConformeCession',2,1,0,NULL,8,1,NULL);
/*!40000 ALTER TABLE `CHAMP_ENTITE` ENABLE KEYS */;
UNLOCK TABLES;

--
-- Table structure for table `CHAMP_ENTITE_BLOC`
--

DROP TABLE IF EXISTS `CHAMP_ENTITE_BLOC`;
/*!40101 SET @saved_cs_client     = @@character_set_client */;
/*!40101 SET character_set_client = utf8 */;
CREATE TABLE `CHAMP_ENTITE_BLOC` (
  `CHAMP_ENTITE_ID` int(10) NOT NULL,
  `BLOC_IMPRESSION_ID` int(10) NOT NULL,
  `ORDRE` int(2) NOT NULL,
  PRIMARY KEY (`CHAMP_ENTITE_ID`,`BLOC_IMPRESSION_ID`),
  KEY `FK_CHAMP_ENTITE_BLOC_BLOC_ID` (`BLOC_IMPRESSION_ID`),
  CONSTRAINT `FK_CHAMP_ENTITE_BLOC_BLOC_ID` FOREIGN KEY (`BLOC_IMPRESSION_ID`) REFERENCES `BLOC_IMPRESSION` (`BLOC_IMPRESSION_ID`),
  CONSTRAINT `FK_CHAMP_ENTITE_BLOC_CHAMP_ID` FOREIGN KEY (`CHAMP_ENTITE_ID`) REFERENCES `CHAMP_ENTITE` (`CHAMP_ENTITE_ID`)
) ENGINE=InnoDB DEFAULT CHARSET=utf8;
/*!40101 SET character_set_client = @saved_cs_client */;

--
-- Dumping data for table `CHAMP_ENTITE_BLOC`
--

LOCK TABLES `CHAMP_ENTITE_BLOC` WRITE;
/*!40000 ALTER TABLE `CHAMP_ENTITE_BLOC` DISABLE KEYS */;
INSERT INTO `CHAMP_ENTITE_BLOC` VALUES (2,2,1),(2,22,1),(3,2,3),(3,13,7),(3,14,7),(3,22,2),(4,22,3),(5,2,4),(5,22,4),(6,2,5),(6,22,5),(7,2,6),(7,22,6),(8,22,7),(9,22,8),(10,22,9),(11,22,10),(15,25,4),(17,2,7),(17,24,1),(18,2,8),(18,24,2),(19,24,4),(20,24,3),(22,25,3),(23,1,1),(23,8,1),(23,17,1),(23,25,1),(24,1,3),(24,8,2),(24,17,2),(24,25,5),(26,3,9),(26,13,3),(26,14,3),(26,25,7),(27,3,10),(28,3,5),(28,8,4),(29,3,4),(30,3,1),(30,8,3),(30,25,2),(31,3,2),(31,25,6),(32,3,6),(33,3,8),(34,3,7),(35,4,1),(36,4,2),(37,4,3),(38,4,4),(39,4,5),(40,4,6),(44,2,2),(45,1,2),(47,3,3),(53,8,8),(53,18,4),(54,5,1),(54,8,5),(54,13,1),(54,16,1),(55,5,7),(55,18,6),(56,5,2),(56,8,7),(56,18,2),(57,5,8),(57,13,6),(57,18,5),(58,5,3),(58,8,6),(58,13,2),(58,16,2),(59,5,4),(59,19,2),(60,19,3),(61,5,6),(61,8,13),(61,18,1),(67,5,9),(67,18,3),(68,5,10),(68,18,7),(69,19,1),(70,18,8),(72,18,9),(78,6,3),(78,7,2),(78,8,10),(78,10,3),(78,14,2),(78,20,3),(79,6,1),(79,7,1),(79,8,9),(79,10,1),(79,14,1),(79,20,1),(80,9,1),(81,6,6),(81,9,9),(81,10,6),(81,20,6),(82,8,12),(82,9,7),(84,6,4),(84,9,2),(84,10,4),(84,20,4),(85,9,3),(86,6,2),(86,8,11),(86,9,5),(86,10,2),(86,20,2),(87,6,7),(87,9,8),(87,10,7),(87,14,6),(87,20,7),(91,6,5),(91,8,15),(91,9,4),(91,10,5),(91,20,5),(93,9,6),(95,8,14),(146,11,1),(146,12,1),(146,21,1),(148,11,9),(148,12,2),(148,21,9),(149,11,2),(149,15,2),(149,21,2),(150,15,8),(151,15,6),(152,15,7),(153,11,4),(153,15,5),(153,21,4),(154,15,4),(155,15,3),(156,11,8),(156,15,1),(156,21,8),(157,11,7),(157,15,12),(157,21,7),(158,11,3),(158,15,11),(158,21,3),(159,15,13),(160,15,17),(161,15,15),(162,15,16),(163,15,19),(164,15,18),(165,15,9),(166,15,10),(167,15,14),(191,23,6),(197,23,5),(198,23,4),(199,23,2),(200,23,3),(202,23,1),(216,5,5),(216,19,4),(217,11,6),(217,21,6),(218,11,5),(218,13,4),(218,14,4),(218,21,5),(219,13,5),(219,14,5),(220,25,8),(221,24,5),(232,25,9),(233,25,10),(245,13,8),(245,14,8),(249,3,11);
/*!40000 ALTER TABLE `CHAMP_ENTITE_BLOC` ENABLE KEYS */;
UNLOCK TABLES;

--
-- Table structure for table `CHAMP_ENTITE_CONTEXTE`
--

DROP TABLE IF EXISTS `CHAMP_ENTITE_CONTEXTE`;
/*!40101 SET @saved_cs_client     = @@character_set_client */;
/*!40101 SET character_set_client = utf8 */;
CREATE TABLE `CHAMP_ENTITE_CONTEXTE` (
  `CHAMP_ENTITE_ID` int(10) NOT NULL,
  `CONTEXTE_ID` int(10) NOT NULL,
  PRIMARY KEY (`CHAMP_ENTITE_ID`,`CONTEXTE_ID`),
  KEY `FK_CHP_ENT_CONT_CONT_ID` (`CONTEXTE_ID`),
  CONSTRAINT `FK_CHP_ENT_CONT_CHP_ID` FOREIGN KEY (`CHAMP_ENTITE_ID`) REFERENCES `CHAMP_ENTITE` (`CHAMP_ENTITE_ID`),
  CONSTRAINT `FK_CHP_ENT_CONT_CONT_ID` FOREIGN KEY (`CONTEXTE_ID`) REFERENCES `CONTEXTE` (`CONTEXTE_ID`)
) ENGINE=InnoDB DEFAULT CHARSET=latin1;
/*!40101 SET character_set_client = @saved_cs_client */;

--
-- Dumping data for table `CHAMP_ENTITE_CONTEXTE`
--

LOCK TABLES `CHAMP_ENTITE_CONTEXTE` WRITE;
/*!40000 ALTER TABLE `CHAMP_ENTITE_CONTEXTE` DISABLE KEYS */;
/*!40000 ALTER TABLE `CHAMP_ENTITE_CONTEXTE` ENABLE KEYS */;
UNLOCK TABLES;

--
-- Table structure for table `CHAMP_IMPRIME`
--

DROP TABLE IF EXISTS `CHAMP_IMPRIME`;
/*!40101 SET @saved_cs_client     = @@character_set_client */;
/*!40101 SET character_set_client = utf8 */;
CREATE TABLE `CHAMP_IMPRIME` (
  `CHAMP_ENTITE_ID` int(10) NOT NULL,
  `TEMPLATE_ID` int(10) NOT NULL,
  `BLOC_IMPRESSION_ID` int(10) NOT NULL,
  `ORDRE` int(2) NOT NULL,
  PRIMARY KEY (`CHAMP_ENTITE_ID`,`TEMPLATE_ID`,`BLOC_IMPRESSION_ID`) USING BTREE,
  KEY `FK_CHAMP_IMPRIME_TEMPLATE_ID` (`TEMPLATE_ID`),
  KEY `FK_CHAMP_IMPRIME_BLOC_IMPRESSION_ID` (`BLOC_IMPRESSION_ID`),
  CONSTRAINT `FK_CHAMP_IMPRIME_BLOC_IMPRESSION_ID` FOREIGN KEY (`BLOC_IMPRESSION_ID`) REFERENCES `BLOC_IMPRESSION` (`BLOC_IMPRESSION_ID`),
  CONSTRAINT `FK_CHAMP_IMPRIME_CHAMP_ENTITE_ID` FOREIGN KEY (`CHAMP_ENTITE_ID`) REFERENCES `CHAMP_ENTITE` (`CHAMP_ENTITE_ID`),
  CONSTRAINT `FK_CHAMP_IMPRIME_TEMPLATE_ID` FOREIGN KEY (`TEMPLATE_ID`) REFERENCES `TEMPLATE` (`TEMPLATE_ID`)
) ENGINE=InnoDB DEFAULT CHARSET=utf8;
/*!40101 SET character_set_client = @saved_cs_client */;

--
-- Dumping data for table `CHAMP_IMPRIME`
--

LOCK TABLES `CHAMP_IMPRIME` WRITE;
/*!40000 ALTER TABLE `CHAMP_IMPRIME` DISABLE KEYS */;
INSERT INTO `CHAMP_IMPRIME` VALUES (54,1,5,1),(55,1,5,3),(56,1,5,2),(58,1,5,4);
/*!40000 ALTER TABLE `CHAMP_IMPRIME` ENABLE KEYS */;
UNLOCK TABLES;

--
-- Table structure for table `CHAMP_LIGNE_ETIQUETTE`
--

DROP TABLE IF EXISTS `CHAMP_LIGNE_ETIQUETTE`;
/*!40101 SET @saved_cs_client     = @@character_set_client */;
/*!40101 SET character_set_client = utf8 */;
CREATE TABLE `CHAMP_LIGNE_ETIQUETTE` (
  `CHAMP_LIGNE_ETIQUETTE_ID` int(10) NOT NULL,
  `LIGNE_ETIQUETTE_ID` int(10) NOT NULL,
  `CHAMP_ID` int(10) NOT NULL DEFAULT '0',
  `ENTITE_ID` int(10) NOT NULL,
  `ORDRE` int(2) NOT NULL,
  `EXP_REG` varchar(25) DEFAULT NULL,
  PRIMARY KEY (`CHAMP_LIGNE_ETIQUETTE_ID`),
  KEY `FK_CHAMP_LIGNE_ETIQUETTE_LIGNE_ETIQUETTE` (`LIGNE_ETIQUETTE_ID`),
  KEY `FK_CHAMP_LIGNE_ETIQUETTE_CHAMP_ID` (`CHAMP_ID`),
  KEY `FK_CHAMP_LIGNE_ETIQUETTE_ENTITE` (`ENTITE_ID`),
  CONSTRAINT `FK_CHAMP_LIGNE_ETIQUETTE_CHAMP_ID` FOREIGN KEY (`CHAMP_ID`) REFERENCES `CHAMP` (`CHAMP_ID`),
  CONSTRAINT `FK_CHAMP_LIGNE_ETIQUETTE_ENTITE` FOREIGN KEY (`ENTITE_ID`) REFERENCES `ENTITE` (`ENTITE_ID`),
  CONSTRAINT `FK_CHAMP_LIGNE_ETIQUETTE_LIGNE_ETIQUETTE` FOREIGN KEY (`LIGNE_ETIQUETTE_ID`) REFERENCES `LIGNE_ETIQUETTE` (`LIGNE_ETIQUETTE_ID`)
) ENGINE=InnoDB DEFAULT CHARSET=utf8;
/*!40101 SET character_set_client = @saved_cs_client */;

--
-- Dumping data for table `CHAMP_LIGNE_ETIQUETTE`
--

LOCK TABLES `CHAMP_LIGNE_ETIQUETTE` WRITE;
/*!40000 ALTER TABLE `CHAMP_LIGNE_ETIQUETTE` DISABLE KEYS */;
INSERT INTO `CHAMP_LIGNE_ETIQUETTE` VALUES (1,1,135,3,1,NULL),(2,1,137,8,1,NULL),(3,2,133,3,1,NULL),(4,2,134,8,1,NULL),(5,3,136,3,1,'>.'),(6,3,138,8,1,'>.'),(7,4,139,3,1,'[1,3]'),(8,4,140,3,2,'[1,2]'),(9,5,141,3,1,NULL),(10,6,142,3,1,NULL);
/*!40000 ALTER TABLE `CHAMP_LIGNE_ETIQUETTE` ENABLE KEYS */;
UNLOCK TABLES;

--
-- Table structure for table `CODE_ASSIGNE`
--

DROP TABLE IF EXISTS `CODE_ASSIGNE`;
/*!40101 SET @saved_cs_client     = @@character_set_client */;
/*!40101 SET character_set_client = utf8 */;
CREATE TABLE `CODE_ASSIGNE` (
  `CODE_ASSIGNE_ID` int(10) NOT NULL DEFAULT '0',
  `CODE` varchar(50) NOT NULL,
  `LIBELLE` varchar(300) DEFAULT NULL,
  `IS_MORPHO` tinyint(1) DEFAULT NULL,
  `CODE_REF_ID` int(10) DEFAULT NULL,
  `TABLE_CODAGE_ID` int(2) DEFAULT NULL,
  `IS_ORGANE` tinyint(1) NOT NULL,
  `ECHANTILLON_ID` int(10) NOT NULL,
  `ORDRE` int(3) NOT NULL DEFAULT '1',
  `EXPORT` tinyint(1) NOT NULL DEFAULT '0',
  PRIMARY KEY (`CODE_ASSIGNE_ID`),
  KEY `FK_CODE_ASSIGNE_TABLE_CODAGE_ID` (`TABLE_CODAGE_ID`),
  KEY `FK_CODE_ASSIGNE_ECHANTILLON_ID` (`ECHANTILLON_ID`),
  CONSTRAINT `FK_CODE_ASSIGNE_ECHANTILLON_ID` FOREIGN KEY (`ECHANTILLON_ID`) REFERENCES `ECHANTILLON` (`ECHANTILLON_ID`),
  CONSTRAINT `FK_CODE_ASSIGNE_TABLE_CODAGE_ID` FOREIGN KEY (`TABLE_CODAGE_ID`) REFERENCES `TABLE_CODAGE` (`TABLE_CODAGE_ID`)
) ENGINE=InnoDB DEFAULT CHARSET=utf8;
/*!40101 SET character_set_client = @saved_cs_client */;

--
-- Dumping data for table `CODE_ASSIGNE`
--

LOCK TABLES `CODE_ASSIGNE` WRITE;
/*!40000 ALTER TABLE `CODE_ASSIGNE` DISABLE KEYS */;
INSERT INTO `CODE_ASSIGNE` VALUES (1,'BL','LANGUE2',0,55,1,1,1,1,1),(2,'C02.0.1234','face dorsale de la langue',0,947,2,1,1,2,0),(3,'BL0211-2','LANGUE FISSULAIRE',1,4240,1,0,1,2,0),(4,'K14.5','langue plicaturée',1,4630,2,0,1,1,0),(5,'D5-22050','cheilite',1,29,3,0,1,3,1);
/*!40000 ALTER TABLE `CODE_ASSIGNE` ENABLE KEYS */;
UNLOCK TABLES;

--
-- Table structure for table `CODE_DOSSIER`
--

DROP TABLE IF EXISTS `CODE_DOSSIER`;
/*!40101 SET @saved_cs_client     = @@character_set_client */;
/*!40101 SET character_set_client = utf8 */;
CREATE TABLE `CODE_DOSSIER` (
  `CODE_DOSSIER_ID` int(4) NOT NULL,
  `NOM` char(25) NOT NULL,
  `DESCRIPTION` varchar(100) DEFAULT NULL,
  `DOSSIER_PARENT_ID` int(4) DEFAULT NULL,
  `CODESELECT` tinyint(1) NOT NULL DEFAULT '0',
  `BANQUE_ID` int(10) DEFAULT NULL,
  `UTILISATEUR_ID` int(10) DEFAULT NULL,
  PRIMARY KEY (`CODE_DOSSIER_ID`),
  KEY `FK_CODE_DOSSIER_DOSSIER_PARENT_ID` (`DOSSIER_PARENT_ID`),
  KEY `FK_CODE_DOSSIER_UTILISATEUR_ID` (`UTILISATEUR_ID`),
  KEY `FK_CODE_DOSSIER_BANQUE_ID` (`BANQUE_ID`),
  CONSTRAINT `FK_CODE_DOSSIER_BANQUE_ID` FOREIGN KEY (`BANQUE_ID`) REFERENCES `BANQUE` (`BANQUE_ID`),
  CONSTRAINT `FK_CODE_DOSSIER_DOSSIER_PARENT_ID` FOREIGN KEY (`DOSSIER_PARENT_ID`) REFERENCES `CODE_DOSSIER` (`CODE_DOSSIER_ID`),
  CONSTRAINT `FK_CODE_DOSSIER_UTILISATEUR_ID` FOREIGN KEY (`UTILISATEUR_ID`) REFERENCES `UTILISATEUR` (`UTILISATEUR_ID`)
) ENGINE=InnoDB DEFAULT CHARSET=utf8;
/*!40101 SET character_set_client = @saved_cs_client */;

--
-- Dumping data for table `CODE_DOSSIER`
--

LOCK TABLES `CODE_DOSSIER` WRITE;
/*!40000 ALTER TABLE `CODE_DOSSIER` DISABLE KEYS */;
INSERT INTO `CODE_DOSSIER` VALUES (1,'DossierUser1',NULL,NULL,0,1,1),(2,'Dossier2','enfantDossier du numero 1',1,0,1,1),(3,'DossierFavoris',NULL,NULL,1,1,1),(4,'DossierUser2',NULL,NULL,0,1,2);
/*!40000 ALTER TABLE `CODE_DOSSIER` ENABLE KEYS */;
UNLOCK TABLES;

--
-- Table structure for table `CODE_SELECT`
--

DROP TABLE IF EXISTS `CODE_SELECT`;
/*!40101 SET @saved_cs_client     = @@character_set_client */;
/*!40101 SET character_set_client = utf8 */;
CREATE TABLE `CODE_SELECT` (
  `CODE_SELECT_ID` int(10) NOT NULL,
  `UTILISATEUR_ID` int(10) NOT NULL,
  `BANQUE_ID` int(10) NOT NULL,
  `CODE_ID` int(10) NOT NULL,
  `TABLE_CODAGE_ID` int(2) NOT NULL,
  `CODE_DOSSIER_ID` int(4) DEFAULT NULL,
  PRIMARY KEY (`CODE_SELECT_ID`),
  KEY `FK_CODE_SELECT_TABLE_CODAGE_ID` (`TABLE_CODAGE_ID`),
  KEY `FK_CODE_SELECT_UTILISATEUR_ID` (`UTILISATEUR_ID`),
  KEY `FK_CODE_SELECT_CODE_DOSSIER_ID` (`CODE_DOSSIER_ID`),
  KEY `FK_CODE_SELECT_BANQUE_ID` (`BANQUE_ID`),
  CONSTRAINT `FK_CODE_SELECT_BANQUE_ID` FOREIGN KEY (`BANQUE_ID`) REFERENCES `BANQUE` (`BANQUE_ID`),
  CONSTRAINT `FK_CODE_SELECT_CODE_DOSSIER_ID` FOREIGN KEY (`CODE_DOSSIER_ID`) REFERENCES `CODE_DOSSIER` (`CODE_DOSSIER_ID`),
  CONSTRAINT `FK_CODE_SELECT_TABLE_CODAGE_ID` FOREIGN KEY (`TABLE_CODAGE_ID`) REFERENCES `TABLE_CODAGE` (`TABLE_CODAGE_ID`),
  CONSTRAINT `FK_CODE_SELECT_UTILISATEUR_ID` FOREIGN KEY (`UTILISATEUR_ID`) REFERENCES `UTILISATEUR` (`UTILISATEUR_ID`)
) ENGINE=InnoDB DEFAULT CHARSET=utf8;
/*!40101 SET character_set_client = @saved_cs_client */;

--
-- Dumping data for table `CODE_SELECT`
--

LOCK TABLES `CODE_SELECT` WRITE;
/*!40000 ALTER TABLE `CODE_SELECT` DISABLE KEYS */;
INSERT INTO `CODE_SELECT` VALUES (1,1,1,1,1,3),(2,1,1,2,2,3),(3,2,2,1,3,NULL),(4,2,3,3,1,NULL),(5,1,1,2,3,NULL);
/*!40000 ALTER TABLE `CODE_SELECT` ENABLE KEYS */;
UNLOCK TABLES;

--
-- Table structure for table `CODE_UTILISATEUR`
--

DROP TABLE IF EXISTS `CODE_UTILISATEUR`;
/*!40101 SET @saved_cs_client     = @@character_set_client */;
/*!40101 SET character_set_client = utf8 */;
CREATE TABLE `CODE_UTILISATEUR` (
  `CODE_UTILISATEUR_ID` int(10) NOT NULL DEFAULT '0',
  `CODE` varchar(50) NOT NULL,
  `LIBELLE` varchar(300) DEFAULT NULL,
  `UTILISATEUR_ID` int(10) NOT NULL DEFAULT '0',
  `BANQUE_ID` int(10) NOT NULL DEFAULT '0',
  `code_dossier_id` int(4) DEFAULT NULL,
  `CODE_PARENT_ID` int(10) DEFAULT NULL,
  PRIMARY KEY (`CODE_UTILISATEUR_ID`),
  KEY `FK_CODE_UTILISATEUR_UTILISATEUR_ID` (`UTILISATEUR_ID`),
  KEY `FK_CODE_PARENT_CODE_UTILISATEUR_ID` (`CODE_PARENT_ID`),
  KEY `FK_CODE_UTILISATEUR_BANQUE_ID` (`BANQUE_ID`),
  KEY `FK_CODE_UTILISATEUR_CODE_DOSSIER_ID` (`code_dossier_id`)
) ENGINE=MyISAM DEFAULT CHARSET=utf8;
/*!40101 SET character_set_client = @saved_cs_client */;

--
-- Dumping data for table `CODE_UTILISATEUR`
--

LOCK TABLES `CODE_UTILISATEUR` WRITE;
/*!40000 ALTER TABLE `CODE_UTILISATEUR` DISABLE KEYS */;
INSERT INTO `CODE_UTILISATEUR` VALUES (1,'code1','libelle1',1,1,1,NULL),(2,'code2',NULL,1,1,2,NULL),(3,'code3','libelle3',2,2,2,NULL),(4,'codeParent','libelle1',1,1,NULL,NULL),(5,'code1-1','libelle1-1',1,1,NULL,4),(6,'code1-2','libelle1-2',1,1,NULL,4);
/*!40000 ALTER TABLE `CODE_UTILISATEUR` ENABLE KEYS */;
UNLOCK TABLES;

--
-- Table structure for table `COLLABORATEUR`
--

DROP TABLE IF EXISTS `COLLABORATEUR`;
/*!40101 SET @saved_cs_client     = @@character_set_client */;
/*!40101 SET character_set_client = utf8 */;
CREATE TABLE `COLLABORATEUR` (
  `COLLABORATEUR_ID` int(10) NOT NULL DEFAULT '0',
  `ETABLISSEMENT_ID` int(10) DEFAULT NULL,
  `SPECIALITE_ID` int(3) DEFAULT NULL,
  `NOM` varchar(30) NOT NULL DEFAULT '',
  `PRENOM` varchar(30) DEFAULT NULL,
  `INITIALES` varchar(4) DEFAULT NULL,
  `TITRE_ID` int(2) DEFAULT NULL,
  `ARCHIVE` tinyint(1) DEFAULT NULL,
  PRIMARY KEY (`COLLABORATEUR_ID`),
  KEY `FK_COLLABORATEUR_SPECIALITE_ID` (`SPECIALITE_ID`),
  KEY `FK_COLLABORATEUR_TITRE_ID` (`TITRE_ID`),
  KEY `FK_COLLABORATEUR_ETABLISSEMENT_ID` (`ETABLISSEMENT_ID`),
  CONSTRAINT `FK_COLLABORATEUR_ETABLISSEMENT_ID` FOREIGN KEY (`ETABLISSEMENT_ID`) REFERENCES `ETABLISSEMENT` (`ETABLISSEMENT_ID`),
  CONSTRAINT `FK_COLLABORATEUR_SPECIALITE_ID` FOREIGN KEY (`SPECIALITE_ID`) REFERENCES `SPECIALITE` (`SPECIALITE_ID`) ON DELETE SET NULL,
  CONSTRAINT `FK_COLLABORATEUR_TITRE_ID` FOREIGN KEY (`TITRE_ID`) REFERENCES `TITRE` (`TITRE_ID`)
) ENGINE=InnoDB DEFAULT CHARSET=utf8;
/*!40101 SET character_set_client = @saved_cs_client */;

--
-- Dumping data for table `COLLABORATEUR`
--

LOCK TABLES `COLLABORATEUR` WRITE;
/*!40000 ALTER TABLE `COLLABORATEUR` DISABLE KEYS */;
INSERT INTO `COLLABORATEUR` VALUES (1,1,1,'VIAL','CHRISTOPHE',NULL,1,0),(2,1,3,'DUFAY','NATHALIE',NULL,2,0),(3,1,5,'XIE','JING',NULL,1,1),(4,3,1,'MERTENS',NULL,NULL,1,0),(5,3,2,'MOREL','CHRISTOPHE',NULL,4,0),(6,4,1,'VENTADOUR','PIERRE',NULL,5,1);
/*!40000 ALTER TABLE `COLLABORATEUR` ENABLE KEYS */;
UNLOCK TABLES;

--
-- Table structure for table `COLLABORATEUR_COORDONNEE`
--

DROP TABLE IF EXISTS `COLLABORATEUR_COORDONNEE`;
/*!40101 SET @saved_cs_client     = @@character_set_client */;
/*!40101 SET character_set_client = utf8 */;
CREATE TABLE `COLLABORATEUR_COORDONNEE` (
  `COLLABORATEUR_ID` int(10) NOT NULL DEFAULT '0',
  `COORDONNEE_ID` int(10) NOT NULL DEFAULT '0',
  PRIMARY KEY (`COLLABORATEUR_ID`,`COORDONNEE_ID`),
  KEY `FK_COLLABORATEUR_COORDONNEE_COORDONNEE_ID` (`COORDONNEE_ID`)
) ENGINE=MyISAM DEFAULT CHARSET=utf8;
/*!40101 SET character_set_client = @saved_cs_client */;

--
-- Dumping data for table `COLLABORATEUR_COORDONNEE`
--

LOCK TABLES `COLLABORATEUR_COORDONNEE` WRITE;
/*!40000 ALTER TABLE `COLLABORATEUR_COORDONNEE` DISABLE KEYS */;
INSERT INTO `COLLABORATEUR_COORDONNEE` VALUES (1,1),(1,2),(2,1),(3,1),(4,3),(5,3),(6,4),(6,5);
/*!40000 ALTER TABLE `COLLABORATEUR_COORDONNEE` ENABLE KEYS */;
UNLOCK TABLES;

--
-- Table structure for table `COMBINAISON`
--

DROP TABLE IF EXISTS `COMBINAISON`;
/*!40101 SET @saved_cs_client     = @@character_set_client */;
/*!40101 SET character_set_client = utf8 */;
CREATE TABLE `COMBINAISON` (
  `COMBINAISON_ID` smallint(5) unsigned NOT NULL DEFAULT '0',
  `OPERATEUR` varchar(10) DEFAULT NULL,
  `CHAMP1_ID` int(10) NOT NULL DEFAULT '0',
  `CHAMP2_ID` int(10) NOT NULL DEFAULT '0',
  PRIMARY KEY (`COMBINAISON_ID`),
  KEY `FK_CRITERE_CHAMP1_ID` (`CHAMP1_ID`),
  KEY `FK_CRITERE_CHAMP2_ID` (`CHAMP2_ID`),
  CONSTRAINT `FK_CRITERE_CHAMP1_ID` FOREIGN KEY (`CHAMP1_ID`) REFERENCES `CHAMP` (`CHAMP_ID`),
  CONSTRAINT `FK_CRITERE_CHAMP2_ID` FOREIGN KEY (`CHAMP2_ID`) REFERENCES `CHAMP` (`CHAMP_ID`)
) ENGINE=InnoDB DEFAULT CHARSET=utf8;
/*!40101 SET character_set_client = @saved_cs_client */;

--
-- Dumping data for table `COMBINAISON`
--

LOCK TABLES `COMBINAISON` WRITE;
/*!40000 ALTER TABLE `COMBINAISON` DISABLE KEYS */;
INSERT INTO `COMBINAISON` VALUES (1,'+',21,17),(2,'-',19,22),(3,'+',20,23),(4,'-',18,24);
/*!40000 ALTER TABLE `COMBINAISON` ENABLE KEYS */;
UNLOCK TABLES;

--
-- Table structure for table `CONDIT_MILIEU`
--

DROP TABLE IF EXISTS `CONDIT_MILIEU`;
/*!40101 SET @saved_cs_client     = @@character_set_client */;
/*!40101 SET character_set_client = utf8 */;
CREATE TABLE `CONDIT_MILIEU` (
  `CONDIT_MILIEU_ID` int(10) NOT NULL DEFAULT '0',
  `MILIEU` varchar(200) NOT NULL,
  `PLATEFORME_ID` int(10) NOT NULL,
  PRIMARY KEY (`CONDIT_MILIEU_ID`),
  KEY `FK_CONDIT_MILIEU_PLATEFORME_ID` (`PLATEFORME_ID`),
  CONSTRAINT `FK_CONDIT_MILIEU_PLATEFORME_ID` FOREIGN KEY (`PLATEFORME_ID`) REFERENCES `PLATEFORME` (`PLATEFORME_ID`)
) ENGINE=InnoDB DEFAULT CHARSET=utf8;
/*!40101 SET character_set_client = @saved_cs_client */;

--
-- Dumping data for table `CONDIT_MILIEU`
--

LOCK TABLES `CONDIT_MILIEU` WRITE;
/*!40000 ALTER TABLE `CONDIT_MILIEU` DISABLE KEYS */;
INSERT INTO `CONDIT_MILIEU` VALUES (1,'SEC',1),(2,'HEPARINE',2);
/*!40000 ALTER TABLE `CONDIT_MILIEU` ENABLE KEYS */;
UNLOCK TABLES;

--
-- Table structure for table `CONDIT_TYPE`
--

DROP TABLE IF EXISTS `CONDIT_TYPE`;
/*!40101 SET @saved_cs_client     = @@character_set_client */;
/*!40101 SET character_set_client = utf8 */;
CREATE TABLE `CONDIT_TYPE` (
  `CONDIT_TYPE_ID` int(10) NOT NULL DEFAULT '0',
  `TYPE` varchar(200) NOT NULL,
  `PLATEFORME_ID` int(10) NOT NULL,
  PRIMARY KEY (`CONDIT_TYPE_ID`),
  KEY `FK_CONDIT_TYPE_PLATEFORME_ID` (`PLATEFORME_ID`),
  CONSTRAINT `FK_CONDIT_TYPE_PLATEFORME_ID` FOREIGN KEY (`PLATEFORME_ID`) REFERENCES `PLATEFORME` (`PLATEFORME_ID`)
) ENGINE=InnoDB DEFAULT CHARSET=utf8;
/*!40101 SET character_set_client = @saved_cs_client */;

--
-- Dumping data for table `CONDIT_TYPE`
--

LOCK TABLES `CONDIT_TYPE` WRITE;
/*!40000 ALTER TABLE `CONDIT_TYPE` DISABLE KEYS */;
INSERT INTO `CONDIT_TYPE` VALUES (1,'TUBE',1),(2,'POUDRIER',2);
/*!40000 ALTER TABLE `CONDIT_TYPE` ENABLE KEYS */;
UNLOCK TABLES;

--
-- Table structure for table `CONFORMITE_TYPE`
--

DROP TABLE IF EXISTS `CONFORMITE_TYPE`;
/*!40101 SET @saved_cs_client     = @@character_set_client */;
/*!40101 SET character_set_client = utf8 */;
CREATE TABLE `CONFORMITE_TYPE` (
  `CONFORMITE_TYPE_ID` int(5) NOT NULL,
  `CONFORMITE_TYPE` varchar(50) NOT NULL,
  PRIMARY KEY (`CONFORMITE_TYPE_ID`)
) ENGINE=InnoDB DEFAULT CHARSET=utf8;
/*!40101 SET character_set_client = @saved_cs_client */;

--
-- Dumping data for table `CONFORMITE_TYPE`
--

LOCK TABLES `CONFORMITE_TYPE` WRITE;
/*!40000 ALTER TABLE `CONFORMITE_TYPE` DISABLE KEYS */;
INSERT INTO `CONFORMITE_TYPE` VALUES (1,'Arrivee'),(2,'Traitement'),(3,'Cession');
/*!40000 ALTER TABLE `CONFORMITE_TYPE` ENABLE KEYS */;
UNLOCK TABLES;

--
-- Table structure for table `CONSENT_TYPE`
--

DROP TABLE IF EXISTS `CONSENT_TYPE`;
/*!40101 SET @saved_cs_client     = @@character_set_client */;
/*!40101 SET character_set_client = utf8 */;
CREATE TABLE `CONSENT_TYPE` (
  `CONSENT_TYPE_ID` int(10) NOT NULL DEFAULT '0',
  `TYPE` varchar(200) NOT NULL,
  `PLATEFORME_ID` int(10) NOT NULL,
  PRIMARY KEY (`CONSENT_TYPE_ID`),
  KEY `FK_CONSENT_TYPE_PLATEFORME_ID` (`PLATEFORME_ID`),
  CONSTRAINT `FK_CONSENT_TYPE_PLATEFORME_ID` FOREIGN KEY (`PLATEFORME_ID`) REFERENCES `PLATEFORME` (`PLATEFORME_ID`)
) ENGINE=InnoDB DEFAULT CHARSET=utf8;
/*!40101 SET character_set_client = @saved_cs_client */;

--
-- Dumping data for table `CONSENT_TYPE`
--

LOCK TABLES `CONSENT_TYPE` WRITE;
/*!40000 ALTER TABLE `CONSENT_TYPE` DISABLE KEYS */;
INSERT INTO `CONSENT_TYPE` VALUES (1,'EN ATTENTE',1),(2,'RECHERCHE',2),(3,'DECEDE',1);
/*!40000 ALTER TABLE `CONSENT_TYPE` ENABLE KEYS */;
UNLOCK TABLES;

--
-- Table structure for table `CONTENEUR`
--

DROP TABLE IF EXISTS `CONTENEUR`;
/*!40101 SET @saved_cs_client     = @@character_set_client */;
/*!40101 SET character_set_client = utf8 */;
CREATE TABLE `CONTENEUR` (
  `CONTENEUR_ID` int(10) NOT NULL DEFAULT '0',
  `CONTENEUR_TYPE_ID` int(2) DEFAULT NULL,
  `CODE` varchar(5) NOT NULL DEFAULT '',
  `NOM` varchar(50) DEFAULT NULL,
  `TEMP` float DEFAULT NULL,
  `PIECE` varchar(10) DEFAULT NULL,
  `NBR_NIV` int(2) DEFAULT NULL,
  `NBR_ENC` int(2) DEFAULT NULL,
  `DESCRIPTION` varchar(250) DEFAULT NULL,
  `SERVICE_ID` int(10) NOT NULL DEFAULT '0',
  `ARCHIVE` tinyint(1) DEFAULT '0',
  PRIMARY KEY (`CONTENEUR_ID`),
  KEY `FK_CONTENEUR_CONTENEUR_TYPE_ID` (`CONTENEUR_TYPE_ID`),
  KEY `FK_CONTENEUR_SERVICE_ID` (`SERVICE_ID`),
  CONSTRAINT `FK_CONTENEUR_CONTENEUR_TYPE_ID` FOREIGN KEY (`CONTENEUR_TYPE_ID`) REFERENCES `CONTENEUR_TYPE` (`CONTENEUR_TYPE_ID`) ON DELETE SET NULL,
  CONSTRAINT `FK_CONTENEUR_SERVICE_ID` FOREIGN KEY (`SERVICE_ID`) REFERENCES `SERVICE` (`SERVICE_ID`)
) ENGINE=InnoDB DEFAULT CHARSET=utf8;
/*!40101 SET character_set_client = @saved_cs_client */;

--
-- Dumping data for table `CONTENEUR`
--

LOCK TABLES `CONTENEUR` WRITE;
/*!40000 ALTER TABLE `CONTENEUR` DISABLE KEYS */;
INSERT INTO `CONTENEUR` VALUES (1,1,'CC1','Congélateur 1',-75,'PIECE 01',3,3,'Conteneur de stockage',1,0),(2,1,'CG589','Congélateur 589',-98,'PIECE 01',4,2,'Conteneur de stockage',1,0),(3,3,'CRY25','Cryo conservateur',-120,'PIECE 01',3,2,'Conteneur de stockage très froid',1,0),(4,2,'C999','Congélateur 999',-75,'PIECE 98B',3,3,'Conteneur de stockage',3,0);
/*!40000 ALTER TABLE `CONTENEUR` ENABLE KEYS */;
UNLOCK TABLES;

--
-- Table structure for table `CONTENEUR_BANQUE`
--

DROP TABLE IF EXISTS `CONTENEUR_BANQUE`;
/*!40101 SET @saved_cs_client     = @@character_set_client */;
/*!40101 SET character_set_client = utf8 */;
CREATE TABLE `CONTENEUR_BANQUE` (
  `CONTENEUR_ID` int(10) NOT NULL DEFAULT '0',
  `BANQUE_ID` int(10) NOT NULL DEFAULT '0',
  PRIMARY KEY (`BANQUE_ID`,`CONTENEUR_ID`),
  KEY `FK_CONTENEUR_BANQUE_CONTENEUR_ID` (`CONTENEUR_ID`),
  CONSTRAINT `FK_CONTENEUR_BANQUE_BANQUE_ID` FOREIGN KEY (`BANQUE_ID`) REFERENCES `BANQUE` (`BANQUE_ID`),
  CONSTRAINT `FK_CONTENEUR_BANQUE_CONTENEUR_ID` FOREIGN KEY (`CONTENEUR_ID`) REFERENCES `CONTENEUR` (`CONTENEUR_ID`)
) ENGINE=InnoDB DEFAULT CHARSET=utf8;
/*!40101 SET character_set_client = @saved_cs_client */;

--
-- Dumping data for table `CONTENEUR_BANQUE`
--

LOCK TABLES `CONTENEUR_BANQUE` WRITE;
/*!40000 ALTER TABLE `CONTENEUR_BANQUE` DISABLE KEYS */;
INSERT INTO `CONTENEUR_BANQUE` VALUES (1,1),(1,2),(1,3),(1,4),(2,1),(2,2),(3,1),(3,2),(4,2);
/*!40000 ALTER TABLE `CONTENEUR_BANQUE` ENABLE KEYS */;
UNLOCK TABLES;

--
-- Table structure for table `CONTENEUR_PLATEFORME`
--

DROP TABLE IF EXISTS `CONTENEUR_PLATEFORME`;
/*!40101 SET @saved_cs_client     = @@character_set_client */;
/*!40101 SET character_set_client = utf8 */;
CREATE TABLE `CONTENEUR_PLATEFORME` (
  `CONTENEUR_ID` int(10) NOT NULL DEFAULT '0',
  `PLATEFORME_ID` int(10) NOT NULL DEFAULT '0',
  PRIMARY KEY (`CONTENEUR_ID`,`PLATEFORME_ID`),
  KEY `FK_CONTENEUR_PLATEFORME_PLATEFORME_ID` (`PLATEFORME_ID`),
  CONSTRAINT `FK_CONTENEUR_PLATEFORME_CONTENEUR_ID` FOREIGN KEY (`CONTENEUR_ID`) REFERENCES `CONTENEUR` (`CONTENEUR_ID`),
  CONSTRAINT `FK_CONTENEUR_PLATEFORME_PLATEFORME_ID` FOREIGN KEY (`PLATEFORME_ID`) REFERENCES `PLATEFORME` (`PLATEFORME_ID`)
) ENGINE=InnoDB DEFAULT CHARSET=utf8;
/*!40101 SET character_set_client = @saved_cs_client */;

--
-- Dumping data for table `CONTENEUR_PLATEFORME`
--

LOCK TABLES `CONTENEUR_PLATEFORME` WRITE;
/*!40000 ALTER TABLE `CONTENEUR_PLATEFORME` DISABLE KEYS */;
INSERT INTO `CONTENEUR_PLATEFORME` VALUES (1,1),(2,1),(3,1),(1,2),(4,2);
/*!40000 ALTER TABLE `CONTENEUR_PLATEFORME` ENABLE KEYS */;
UNLOCK TABLES;

--
-- Table structure for table `CONTENEUR_TYPE`
--

DROP TABLE IF EXISTS `CONTENEUR_TYPE`;
/*!40101 SET @saved_cs_client     = @@character_set_client */;
/*!40101 SET character_set_client = utf8 */;
CREATE TABLE `CONTENEUR_TYPE` (
  `CONTENEUR_TYPE_ID` int(10) NOT NULL DEFAULT '0',
  `TYPE` varchar(200) NOT NULL,
  `PLATEFORME_ID` int(10) NOT NULL,
  PRIMARY KEY (`CONTENEUR_TYPE_ID`),
  KEY `FK_CONTENEUR_TYPE_PLATEFORME_ID` (`PLATEFORME_ID`),
  CONSTRAINT `FK_CONTENEUR_TYPE_PLATEFORME_ID` FOREIGN KEY (`PLATEFORME_ID`) REFERENCES `PLATEFORME` (`PLATEFORME_ID`)
) ENGINE=InnoDB DEFAULT CHARSET=utf8;
/*!40101 SET character_set_client = @saved_cs_client */;

--
-- Dumping data for table `CONTENEUR_TYPE`
--

LOCK TABLES `CONTENEUR_TYPE` WRITE;
/*!40000 ALTER TABLE `CONTENEUR_TYPE` DISABLE KEYS */;
INSERT INTO `CONTENEUR_TYPE` VALUES (1,'CONGELATEUR',1),(2,'RECIPIENT CRYOGENIQUE',1),(3,'CRYOCONSERVATEUR',1);
/*!40000 ALTER TABLE `CONTENEUR_TYPE` ENABLE KEYS */;
UNLOCK TABLES;

--
-- Table structure for table `CONTEXTE`
--

DROP TABLE IF EXISTS `CONTEXTE`;
/*!40101 SET @saved_cs_client     = @@character_set_client */;
/*!40101 SET character_set_client = utf8 */;
CREATE TABLE `CONTEXTE` (
  `CONTEXTE_ID` int(2) NOT NULL DEFAULT '0',
  `NOM` char(25) NOT NULL DEFAULT '',
  PRIMARY KEY (`CONTEXTE_ID`)
) ENGINE=InnoDB DEFAULT CHARSET=utf8;
/*!40101 SET character_set_client = @saved_cs_client */;

--
-- Dumping data for table `CONTEXTE`
--

LOCK TABLES `CONTEXTE` WRITE;
/*!40000 ALTER TABLE `CONTEXTE` DISABLE KEYS */;
INSERT INTO `CONTEXTE` VALUES (1,'CONT1'),(2,'CONT2');
/*!40000 ALTER TABLE `CONTEXTE` ENABLE KEYS */;
UNLOCK TABLES;

--
-- Table structure for table `CONTRAT`
--

DROP TABLE IF EXISTS `CONTRAT`;
/*!40101 SET @saved_cs_client     = @@character_set_client */;
/*!40101 SET character_set_client = utf8 */;
CREATE TABLE `CONTRAT` (
  `CONTRAT_ID` int(10) NOT NULL DEFAULT '0',
  `PLATEFORME_ID` int(10) NOT NULL,
  `NUMERO` varchar(50) NOT NULL,
  `DATE_DEMANDE_CESSION` date DEFAULT NULL,
  `DATE_VALIDATION` date DEFAULT NULL,
  `DATE_DEMANDE_REDACTION` date DEFAULT NULL,
  `DATE_ENVOI_CONTRAT` date DEFAULT NULL,
  `DATE_SIGNATURE` date DEFAULT NULL,
  `TITRE_PROJET` varchar(100) DEFAULT NULL,
  `COLLABORATEUR_ID` int(10) DEFAULT NULL,
  `SERVICE_ID` int(10) DEFAULT NULL,
  `PROTOCOLE_TYPE_ID` int(2) DEFAULT NULL,
  `DESCRIPTION` text,
  `ETABLISSEMENT_ID` int(10) DEFAULT NULL,
  `MONTANT` float DEFAULT NULL,
  PRIMARY KEY (`CONTRAT_ID`),
  KEY `FK_CONTRAT_PROTOCOLE_TYPE_ID` (`PROTOCOLE_TYPE_ID`),
  KEY `FK_CONTRAT_SERVICE_ID` (`SERVICE_ID`),
  KEY `FK_CONTRAT_COLLABORATEUR_ID` (`COLLABORATEUR_ID`),
  KEY `FK_CONTRAT_ETABLISSEMENT_ID` (`ETABLISSEMENT_ID`),
  KEY `FK_CONTRAT_PLATEFORME_ID` (`PLATEFORME_ID`),
  CONSTRAINT `FK_CONTRAT_COLLABORATEUR_ID` FOREIGN KEY (`COLLABORATEUR_ID`) REFERENCES `COLLABORATEUR` (`COLLABORATEUR_ID`),
  CONSTRAINT `FK_CONTRAT_ETABLISSEMENT_ID` FOREIGN KEY (`ETABLISSEMENT_ID`) REFERENCES `ETABLISSEMENT` (`ETABLISSEMENT_ID`),
  CONSTRAINT `FK_CONTRAT_PLATEFORME_ID` FOREIGN KEY (`PLATEFORME_ID`) REFERENCES `PLATEFORME` (`PLATEFORME_ID`),
  CONSTRAINT `FK_CONTRAT_PROTOCOLE_TYPE_ID` FOREIGN KEY (`PROTOCOLE_TYPE_ID`) REFERENCES `PROTOCOLE_TYPE` (`PROTOCOLE_TYPE_ID`) ON DELETE SET NULL,
  CONSTRAINT `FK_CONTRAT_SERVICE_ID` FOREIGN KEY (`SERVICE_ID`) REFERENCES `SERVICE` (`SERVICE_ID`)
) ENGINE=InnoDB DEFAULT CHARSET=utf8;
/*!40101 SET character_set_client = @saved_cs_client */;

--
-- Dumping data for table `CONTRAT`
--

LOCK TABLES `CONTRAT` WRITE;
/*!40000 ALTER TABLE `CONTRAT` DISABLE KEYS */;
INSERT INTO `CONTRAT` VALUES (1,1,'CONTRAT 78551269','2009-10-08','2009-11-03','2009-11-09','2009-11-15','2009-11-25','P. RECHECHE ANAPATH',1,1,1,'RECHERCHE',1,500),(2,1,'CONTRAT HEMTATO 457231','2010-01-18','2009-02-01',NULL,NULL,NULL,'HEMATO RECHECHE',3,2,1,'RECHERCHE',1,NULL),(3,1,'ANAPATH 35789','2009-06-02','2009-06-30','2009-07-04','2009-07-15','2009-07-25','P. THERAPEUTIQUE',1,1,1,'RECHERCHE',2,2050),(4,2,'CONTRAT XJ98756','2010-02-09','2009-02-26',NULL,NULL,'2009-02-18','PROJET RECHERCHE ANAPATH',2,1,1,'RECHERCHE',1,NULL);
/*!40000 ALTER TABLE `CONTRAT` ENABLE KEYS */;
UNLOCK TABLES;

--
-- Table structure for table `COORDONNEE`
--

DROP TABLE IF EXISTS `COORDONNEE`;
/*!40101 SET @saved_cs_client     = @@character_set_client */;
/*!40101 SET character_set_client = utf8 */;
CREATE TABLE `COORDONNEE` (
  `COORDONNEE_ID` int(10) NOT NULL DEFAULT '0',
  `ADRESSE` varchar(250) DEFAULT NULL,
  `CP` varchar(10) DEFAULT NULL,
  `VILLE` varchar(100) DEFAULT NULL,
  `PAYS` varchar(100) DEFAULT NULL,
  `TEL` varchar(15) DEFAULT NULL,
  `FAX` varchar(15) DEFAULT NULL,
  `MAIL` varchar(100) DEFAULT NULL,
  PRIMARY KEY (`COORDONNEE_ID`)
) ENGINE=InnoDB DEFAULT CHARSET=utf8;
/*!40101 SET character_set_client = @saved_cs_client */;

--
-- Dumping data for table `COORDONNEE`
--

LOCK TABLES `COORDONNEE` WRITE;
/*!40000 ALTER TABLE `COORDONNEE` DISABLE KEYS */;
INSERT INTO `COORDONNEE` VALUES (1,'1 avenue Claude Vellefaux','75010','PARIS','FRANCE','0142490000',NULL,NULL),(2,'40 rue Worth','92151','SURESNES','FRANCE',NULL,NULL,'mail@mail.fr'),(3,'Avenue Léon Blum','60003','BEAUVAIS','FRANCE',NULL,NULL,NULL),(4,'5 Avenue Foche','29609','BREST','FRANCE',NULL,'0142490000',NULL),(5,'102 rue de Buzenval','33000','BORDEAUX','FRANCE',NULL,NULL,NULL);
/*!40000 ALTER TABLE `COORDONNEE` ENABLE KEYS */;
UNLOCK TABLES;

--
-- Table structure for table `COULEUR`
--

DROP TABLE IF EXISTS `COULEUR`;
/*!40101 SET @saved_cs_client     = @@character_set_client */;
/*!40101 SET character_set_client = utf8 */;
CREATE TABLE `COULEUR` (
  `COULEUR_ID` int(10) NOT NULL DEFAULT '0',
  `COULEUR` varchar(25) NOT NULL,
  `HEXA` varchar(10) NOT NULL,
  `ORDRE_VISOTUBE` int(3) DEFAULT NULL,
  PRIMARY KEY (`COULEUR_ID`)
) ENGINE=InnoDB DEFAULT CHARSET=utf8;
/*!40101 SET character_set_client = @saved_cs_client */;

--
-- Dumping data for table `COULEUR`
--

LOCK TABLES `COULEUR` WRITE;
/*!40000 ALTER TABLE `COULEUR` DISABLE KEYS */;
INSERT INTO `COULEUR` VALUES (1,'VERT','#00CC00',5),(2,'ROUGE','#CC3300',4),(3,'BLEU','#3333CC',6),(4,'JAUNE','#FFFF00',9),(5,'ORANGE','#FF6600',11),(6,'NOIR','#000000',2),(7,'GRIS','#CCCCCC',7),(8,'CYAN','#00CCFF',NULL),(9,'MAGENTA','#9900FF',NULL),(10,'SAUMON','#FFCC99',NULL),(11,'TRANSPARENT','#FFFFFF',1),(12,'MARRON','#582900',3),(13,'PARME','#CFA0E9',8),(14,'ROSE','#FD6C9E',10),(15,'PISTACHE','#BEF574',12);
/*!40000 ALTER TABLE `COULEUR` ENABLE KEYS */;
UNLOCK TABLES;

--
-- Table structure for table `COULEUR_ENTITE_TYPE`
--

DROP TABLE IF EXISTS `COULEUR_ENTITE_TYPE`;
/*!40101 SET @saved_cs_client     = @@character_set_client */;
/*!40101 SET character_set_client = utf8 */;
CREATE TABLE `COULEUR_ENTITE_TYPE` (
  `COULEUR_ENTITE_TYPE_ID` int(10) NOT NULL,
  `COULEUR_ID` int(10) NOT NULL,
  `BANQUE_ID` int(10) NOT NULL,
  `ECHANTILLON_TYPE_ID` int(10) DEFAULT NULL,
  `PROD_TYPE_ID` int(10) DEFAULT NULL,
  PRIMARY KEY (`COULEUR_ENTITE_TYPE_ID`),
  KEY `FK_COULEUR_ENTITE_TYPE_COULEUR_ID` (`COULEUR_ID`),
  KEY `FK_COULEUR_ENTITE_TYPE_BANQUE_ID` (`BANQUE_ID`),
  KEY `FK_COULEUR_ENTITE_TYPE_ECHANTILLON_TYPE_ID` (`ECHANTILLON_TYPE_ID`),
  KEY `FK_COULEUR_ENTITE_TYPE_PROD_TYPE_ID` (`PROD_TYPE_ID`),
  CONSTRAINT `FK_COULEUR_ENTITE_TYPE_BANQUE_ID` FOREIGN KEY (`BANQUE_ID`) REFERENCES `BANQUE` (`BANQUE_ID`),
  CONSTRAINT `FK_COULEUR_ENTITE_TYPE_COULEUR_ID` FOREIGN KEY (`COULEUR_ID`) REFERENCES `COULEUR` (`COULEUR_ID`),
  CONSTRAINT `FK_COULEUR_ENTITE_TYPE_ECHANTILLON_TYPE_ID` FOREIGN KEY (`ECHANTILLON_TYPE_ID`) REFERENCES `ECHANTILLON_TYPE` (`ECHANTILLON_TYPE_ID`),
  CONSTRAINT `FK_COULEUR_ENTITE_TYPE_PROD_TYPE_ID` FOREIGN KEY (`PROD_TYPE_ID`) REFERENCES `PROD_TYPE` (`PROD_TYPE_ID`)
) ENGINE=InnoDB DEFAULT CHARSET=utf8;
/*!40101 SET character_set_client = @saved_cs_client */;

--
-- Dumping data for table `COULEUR_ENTITE_TYPE`
--

LOCK TABLES `COULEUR_ENTITE_TYPE` WRITE;
/*!40000 ALTER TABLE `COULEUR_ENTITE_TYPE` DISABLE KEYS */;
INSERT INTO `COULEUR_ENTITE_TYPE` VALUES (1,2,1,1,NULL),(2,3,1,NULL,2),(3,4,2,NULL,3);
/*!40000 ALTER TABLE `COULEUR_ENTITE_TYPE` ENABLE KEYS */;
UNLOCK TABLES;

--
-- Table structure for table `CRITERE`
--

DROP TABLE IF EXISTS `CRITERE`;
/*!40101 SET @saved_cs_client     = @@character_set_client */;
/*!40101 SET character_set_client = utf8 */;
CREATE TABLE `CRITERE` (
  `CRITERE_ID` smallint(5) unsigned NOT NULL DEFAULT '0',
  `OPERATEUR` varchar(10) NOT NULL DEFAULT '',
  `VALEUR` varchar(40) NOT NULL DEFAULT '',
  `CHAMP_ID` int(10) DEFAULT NULL,
  `COMBINAISON_ID` smallint(5) unsigned DEFAULT NULL,
  PRIMARY KEY (`CRITERE_ID`),
  KEY `FK_CRITERE_CHAMP_ID` (`CHAMP_ID`),
  KEY `FK_CRITERE_COMBINAISON_ID` (`COMBINAISON_ID`),
  CONSTRAINT `FK_CRITERE_CHAMP_ID` FOREIGN KEY (`CHAMP_ID`) REFERENCES `CHAMP` (`CHAMP_ID`),
  CONSTRAINT `FK_CRITERE_COMBINAISON_ID` FOREIGN KEY (`COMBINAISON_ID`) REFERENCES `COMBINAISON` (`COMBINAISON_ID`) ON DELETE CASCADE
) ENGINE=InnoDB DEFAULT CHARSET=utf8;
/*!40101 SET character_set_client = @saved_cs_client */;

--
-- Dumping data for table `CRITERE`
--

LOCK TABLES `CRITERE` WRITE;
/*!40000 ALTER TABLE `CRITERE` DISABLE KEYS */;
INSERT INTO `CRITERE` VALUES (1,'=','DUPOND',26,NULL),(2,'=','DUPONT',27,NULL),(3,'=','EN ATTENTE',29,NULL),(4,'=','H',30,NULL),(5,'<','1997-01-01',31,NULL),(6,'=','DOMINIQUE',32,NULL),(7,'=','C72B32F',33,NULL);
/*!40000 ALTER TABLE `CRITERE` ENABLE KEYS */;
UNLOCK TABLES;

--
-- Table structure for table `DATA_TYPE`
--

DROP TABLE IF EXISTS `DATA_TYPE`;
/*!40101 SET @saved_cs_client     = @@character_set_client */;
/*!40101 SET character_set_client = utf8 */;
CREATE TABLE `DATA_TYPE` (
  `DATA_TYPE_ID` int(2) NOT NULL DEFAULT '0',
  `TYPE` char(10) NOT NULL DEFAULT '',
  PRIMARY KEY (`DATA_TYPE_ID`)
) ENGINE=InnoDB DEFAULT CHARSET=utf8;
/*!40101 SET character_set_client = @saved_cs_client */;

--
-- Dumping data for table `DATA_TYPE`
--

LOCK TABLES `DATA_TYPE` WRITE;
/*!40000 ALTER TABLE `DATA_TYPE` DISABLE KEYS */;
INSERT INTO `DATA_TYPE` VALUES (1,'alphanum'),(2,'boolean'),(3,'date'),(5,'num'),(6,'texte'),(7,'thesaurus'),(8,'fichier'),(9,'hyperlien'),(10,'thesaurusM');
/*!40000 ALTER TABLE `DATA_TYPE` ENABLE KEYS */;
UNLOCK TABLES;

--
-- Table structure for table `DEM_DERIVE`
--

DROP TABLE IF EXISTS `DEM_DERIVE`;
/*!40101 SET @saved_cs_client     = @@character_set_client */;
/*!40101 SET character_set_client = utf8 */;
CREATE TABLE `DEM_DERIVE` (
  `CESSION_ID` int(11) NOT NULL DEFAULT '0',
  `PROD_DERIVE_ID` int(11) NOT NULL DEFAULT '0',
  `QUANTITE_CEDEE` float DEFAULT NULL,
  `ADRESSE_LOGIQUE_OLD` varchar(50) DEFAULT NULL,
  PRIMARY KEY (`CESSION_ID`,`PROD_DERIVE_ID`)
) ENGINE=MyISAM DEFAULT CHARSET=utf8;
/*!40101 SET character_set_client = @saved_cs_client */;

--
-- Dumping data for table `DEM_DERIVE`
--

LOCK TABLES `DEM_DERIVE` WRITE;
/*!40000 ALTER TABLE `DEM_DERIVE` DISABLE KEYS */;
/*!40000 ALTER TABLE `DEM_DERIVE` ENABLE KEYS */;
UNLOCK TABLES;

--
-- Table structure for table `DESTRUCTION_MOTIF`
--

DROP TABLE IF EXISTS `DESTRUCTION_MOTIF`;
/*!40101 SET @saved_cs_client     = @@character_set_client */;
/*!40101 SET character_set_client = utf8 */;
CREATE TABLE `DESTRUCTION_MOTIF` (
  `DESTRUCTION_MOTIF_ID` int(3) NOT NULL DEFAULT '0',
  `MOTIF` varchar(200) NOT NULL,
  `PLATEFORME_ID` int(10) NOT NULL,
  PRIMARY KEY (`DESTRUCTION_MOTIF_ID`),
  KEY `FK_DESTRUCTION_MOTIF_PLATEFORME_ID` (`PLATEFORME_ID`),
  CONSTRAINT `FK_DESTRUCTION_MOTIF_PLATEFORME_ID` FOREIGN KEY (`PLATEFORME_ID`) REFERENCES `PLATEFORME` (`PLATEFORME_ID`)
) ENGINE=InnoDB DEFAULT CHARSET=utf8;
/*!40101 SET character_set_client = @saved_cs_client */;

--
-- Dumping data for table `DESTRUCTION_MOTIF`
--

LOCK TABLES `DESTRUCTION_MOTIF` WRITE;
/*!40000 ALTER TABLE `DESTRUCTION_MOTIF` DISABLE KEYS */;
INSERT INTO `DESTRUCTION_MOTIF` VALUES (1,'TUBE ILLISIBLE',1),(2,'INUTILISABLE',1),(3,'CONTENU INCONNU',2);
/*!40000 ALTER TABLE `DESTRUCTION_MOTIF` ENABLE KEYS */;
UNLOCK TABLES;

--
-- Table structure for table `DROIT_OBJET`
--

DROP TABLE IF EXISTS `DROIT_OBJET`;
/*!40101 SET @saved_cs_client     = @@character_set_client */;
/*!40101 SET character_set_client = utf8 */;
CREATE TABLE `DROIT_OBJET` (
  `PROFIL_ID` int(10) NOT NULL DEFAULT '0',
  `ENTITE_ID` int(10) NOT NULL DEFAULT '0',
  `OPERATION_TYPE_ID` int(10) NOT NULL DEFAULT '0',
  PRIMARY KEY (`PROFIL_ID`,`ENTITE_ID`,`OPERATION_TYPE_ID`),
  KEY `FK_DROIT_OBJET_ENTITE_ID` (`ENTITE_ID`),
  KEY `FK_DROIT_OBJET_OPERATION_TYPE_ID` (`OPERATION_TYPE_ID`),
  CONSTRAINT `FK_DROIT_OBJET_ENTITE_ID` FOREIGN KEY (`ENTITE_ID`) REFERENCES `ENTITE` (`ENTITE_ID`),
  CONSTRAINT `FK_DROIT_OBJET_OPERATION_TYPE_ID` FOREIGN KEY (`OPERATION_TYPE_ID`) REFERENCES `OPERATION_TYPE` (`OPERATION_TYPE_ID`),
  CONSTRAINT `FK_DROIT_OBJET_PROFIL_ID` FOREIGN KEY (`PROFIL_ID`) REFERENCES `PROFIL` (`PROFIL_ID`)
) ENGINE=InnoDB DEFAULT CHARSET=utf8;
/*!40101 SET character_set_client = @saved_cs_client */;

--
-- Dumping data for table `DROIT_OBJET`
--

LOCK TABLES `DROIT_OBJET` WRITE;
/*!40000 ALTER TABLE `DROIT_OBJET` DISABLE KEYS */;
INSERT INTO `DROIT_OBJET` VALUES (1,1,1),(2,1,1),(2,1,3),(2,1,5),(1,2,1),(2,2,1),(2,2,3),(2,2,5),(1,3,1);
/*!40000 ALTER TABLE `DROIT_OBJET` ENABLE KEYS */;
UNLOCK TABLES;

--
-- Table structure for table `ECHANTILLON`
--

DROP TABLE IF EXISTS `ECHANTILLON`;
/*!40101 SET @saved_cs_client     = @@character_set_client */;
/*!40101 SET character_set_client = utf8 */;
CREATE TABLE `ECHANTILLON` (
  `ECHANTILLON_ID` int(10) NOT NULL AUTO_INCREMENT,
  `BANQUE_ID` int(10) NOT NULL DEFAULT '0',
  `PRELEVEMENT_ID` int(10) DEFAULT '0',
  `COLLABORATEUR_ID` int(10) DEFAULT NULL,
  `CODE` varchar(50) NOT NULL DEFAULT '',
  `OBJET_STATUT_ID` int(2) DEFAULT NULL,
  `DATE_STOCK` datetime DEFAULT NULL,
  `EMPLACEMENT_ID` int(10) DEFAULT NULL,
  `ECHANTILLON_TYPE_ID` int(2) NOT NULL DEFAULT '0',
  `LATERALITE` char(1) DEFAULT NULL,
  `QUANTITE` float DEFAULT '0',
  `QUANTITE_INIT` float DEFAULT NULL,
  `QUANTITE_UNITE_ID` int(2) DEFAULT NULL,
  `DELAI_CGL` float DEFAULT NULL,
  `ECHAN_QUALITE_ID` int(3) DEFAULT NULL,
  `TUMORAL` tinyint(1) DEFAULT NULL,
  `MODE_PREPA_ID` int(3) DEFAULT NULL,
  `CR_ANAPATH_ID` int(10) DEFAULT NULL,
  `STERILE` tinyint(1) DEFAULT NULL,
  `CONFORME_TRAITEMENT` tinyint(1) DEFAULT NULL,
  `CONFORME_CESSION` tinyint(1) DEFAULT NULL,
  `RESERVATION_ID` int(10) DEFAULT NULL,
  `ETAT_INCOMPLET` tinyint(1) DEFAULT '0',
  `ARCHIVE` tinyint(1) DEFAULT '0',
  PRIMARY KEY (`ECHANTILLON_ID`),
  KEY `FK_ECHANTILLON_OBJET_STATUT_ID` (`OBJET_STATUT_ID`),
  KEY `FK_ECHANTILLON_BANQUE_ID` (`BANQUE_ID`),
  KEY `FK_ECHANTILLON_ECHAN_QUALITE_ID` (`ECHAN_QUALITE_ID`),
  KEY `FK_ECHANTILLON_MODE_PREPA_ID` (`MODE_PREPA_ID`),
  KEY `FK_ECHANTILLON_QUANTITE_UNITE_ID` (`QUANTITE_UNITE_ID`),
  KEY `FK_ECHANTILLON_COLLABORATEUR_ID` (`COLLABORATEUR_ID`),
  KEY `FK_ECHANTILLON_EMPLACEMENT_ID` (`EMPLACEMENT_ID`),
  KEY `FK_ECHANTILLON_CR_ANAPATH_ID` (`CR_ANAPATH_ID`),
  KEY `FK_ECHANTILLON_RESERVATION_ID` (`RESERVATION_ID`),
  KEY `FK_ECHANTILLON_ECHANTILLON_TYPE_ID` (`ECHANTILLON_TYPE_ID`),
  KEY `FK_ECHANTILLON_PRELEVEMENT_ID` (`PRELEVEMENT_ID`),
  CONSTRAINT `FK_ECHANTILLON_BANQUE_ID` FOREIGN KEY (`BANQUE_ID`) REFERENCES `BANQUE` (`BANQUE_ID`),
  CONSTRAINT `FK_ECHANTILLON_COLLABORATEUR_ID` FOREIGN KEY (`COLLABORATEUR_ID`) REFERENCES `COLLABORATEUR` (`COLLABORATEUR_ID`),
  CONSTRAINT `FK_ECHANTILLON_CR_ANAPATH_ID` FOREIGN KEY (`CR_ANAPATH_ID`) REFERENCES `FICHIER` (`FICHIER_ID`) ON DELETE SET NULL,
  CONSTRAINT `FK_ECHANTILLON_ECHANTILLON_TYPE_ID` FOREIGN KEY (`ECHANTILLON_TYPE_ID`) REFERENCES `ECHANTILLON_TYPE` (`ECHANTILLON_TYPE_ID`),
  CONSTRAINT `FK_ECHANTILLON_ECHAN_QUALITE_ID` FOREIGN KEY (`ECHAN_QUALITE_ID`) REFERENCES `ECHAN_QUALITE` (`ECHAN_QUALITE_ID`) ON DELETE SET NULL,
  CONSTRAINT `FK_ECHANTILLON_EMPLACEMENT_ID` FOREIGN KEY (`EMPLACEMENT_ID`) REFERENCES `EMPLACEMENT` (`EMPLACEMENT_ID`),
  CONSTRAINT `FK_ECHANTILLON_MODE_PREPA_ID` FOREIGN KEY (`MODE_PREPA_ID`) REFERENCES `MODE_PREPA` (`MODE_PREPA_ID`) ON DELETE SET NULL,
  CONSTRAINT `FK_ECHANTILLON_OBJET_STATUT_ID` FOREIGN KEY (`OBJET_STATUT_ID`) REFERENCES `OBJET_STATUT` (`OBJET_STATUT_ID`),
  CONSTRAINT `FK_ECHANTILLON_PRELEVEMENT_ID` FOREIGN KEY (`PRELEVEMENT_ID`) REFERENCES `PRELEVEMENT` (`PRELEVEMENT_ID`),
  CONSTRAINT `FK_ECHANTILLON_QUANTITE_UNITE_ID` FOREIGN KEY (`QUANTITE_UNITE_ID`) REFERENCES `UNITE` (`UNITE_ID`),
  CONSTRAINT `FK_ECHANTILLON_RESERVATION_ID` FOREIGN KEY (`RESERVATION_ID`) REFERENCES `RESERVATION` (`RESERVATION_ID`)
) ENGINE=InnoDB AUTO_INCREMENT=5 DEFAULT CHARSET=utf8;
/*!40101 SET character_set_client = @saved_cs_client */;

--
-- Dumping data for table `ECHANTILLON`
--

LOCK TABLES `ECHANTILLON` WRITE;
/*!40000 ALTER TABLE `ECHANTILLON` DISABLE KEYS */;
INSERT INTO `ECHANTILLON` VALUES (1,1,1,1,'PTRA.1',1,NULL,NULL,1,'G',NULL,NULL,NULL,NULL,1,NULL,1,1,1,1,1,NULL,0,0),(2,1,1,1,'PTRA.2',1,'2008-03-16 00:00:00',3,1,NULL,25,25,1,NULL,1,NULL,1,1,NULL,1,0,NULL,0,0),(3,1,2,NULL,'EHT.1',2,'2009-07-25 00:00:00',NULL,3,NULL,NULL,NULL,NULL,NULL,2,NULL,2,2,0,0,0,NULL,0,0),(4,2,3,4,'JEG.1',3,'2008-12-13 00:00:00',NULL,1,NULL,0,25,1,NULL,1,NULL,3,NULL,1,NULL,NULL,NULL,0,0);
/*!40000 ALTER TABLE `ECHANTILLON` ENABLE KEYS */;
UNLOCK TABLES;

--
-- Table structure for table `ECHANTILLON_TYPE`
--

DROP TABLE IF EXISTS `ECHANTILLON_TYPE`;
/*!40101 SET @saved_cs_client     = @@character_set_client */;
/*!40101 SET character_set_client = utf8 */;
CREATE TABLE `ECHANTILLON_TYPE` (
  `ECHANTILLON_TYPE_ID` int(2) NOT NULL DEFAULT '0',
  `TYPE` varchar(200) NOT NULL,
  `INCA_CAT` varchar(10) DEFAULT NULL,
  `PLATEFORME_ID` int(10) NOT NULL,
  PRIMARY KEY (`ECHANTILLON_TYPE_ID`),
  KEY `FK_ECHANTILLON_TYPE_PLATEFORME_ID` (`PLATEFORME_ID`),
  CONSTRAINT `FK_ECHANTILLON_TYPE_PLATEFORME_ID` FOREIGN KEY (`PLATEFORME_ID`) REFERENCES `PLATEFORME` (`PLATEFORME_ID`)
) ENGINE=InnoDB DEFAULT CHARSET=utf8;
/*!40101 SET character_set_client = @saved_cs_client */;

--
-- Dumping data for table `ECHANTILLON_TYPE`
--

LOCK TABLES `ECHANTILLON_TYPE` WRITE;
/*!40000 ALTER TABLE `ECHANTILLON_TYPE` DISABLE KEYS */;
INSERT INTO `ECHANTILLON_TYPE` VALUES (1,'CELLULES','CAT1',1),(2,'ADN','CAT2',1),(3,'CULOT SEC','CAT3',1),(4,'CDNA','CAT4',2);
/*!40000 ALTER TABLE `ECHANTILLON_TYPE` ENABLE KEYS */;
UNLOCK TABLES;

--
-- Table structure for table `ECHAN_QUALITE`
--

DROP TABLE IF EXISTS `ECHAN_QUALITE`;
/*!40101 SET @saved_cs_client     = @@character_set_client */;
/*!40101 SET character_set_client = utf8 */;
CREATE TABLE `ECHAN_QUALITE` (
  `ECHAN_QUALITE_ID` int(3) NOT NULL DEFAULT '0',
  `ECHAN_QUALITE` varchar(200) NOT NULL,
  `PLATEFORME_ID` int(10) NOT NULL,
  PRIMARY KEY (`ECHAN_QUALITE_ID`),
  KEY `FK_ECHAN_QUALITE_PLATEFORME_ID` (`PLATEFORME_ID`),
  CONSTRAINT `FK_ECHAN_QUALITE_PLATEFORME_ID` FOREIGN KEY (`PLATEFORME_ID`) REFERENCES `PLATEFORME` (`PLATEFORME_ID`)
) ENGINE=InnoDB DEFAULT CHARSET=utf8;
/*!40101 SET character_set_client = @saved_cs_client */;

--
-- Dumping data for table `ECHAN_QUALITE`
--

LOCK TABLES `ECHAN_QUALITE` WRITE;
/*!40000 ALTER TABLE `ECHAN_QUALITE` DISABLE KEYS */;
INSERT INTO `ECHAN_QUALITE` VALUES (1,'MELANGE MO',1),(2,'MELANGE SG',1),(3,'MELANGE MO+SG',2);
/*!40000 ALTER TABLE `ECHAN_QUALITE` ENABLE KEYS */;
UNLOCK TABLES;

--
-- Table structure for table `EMPLACEMENT`
--

DROP TABLE IF EXISTS `EMPLACEMENT`;
/*!40101 SET @saved_cs_client     = @@character_set_client */;
/*!40101 SET character_set_client = utf8 */;
CREATE TABLE `EMPLACEMENT` (
  `EMPLACEMENT_ID` int(10) NOT NULL DEFAULT '0',
  `TERMINALE_ID` int(10) NOT NULL DEFAULT '0',
  `POSITION` int(10) NOT NULL DEFAULT '0',
  `OBJET_ID` int(10) DEFAULT NULL,
  `ENTITE_ID` int(2) DEFAULT NULL,
  `VIDE` tinyint(1) DEFAULT '1',
  `ADRL` varchar(50) DEFAULT NULL,
  `ADRP` varchar(25) DEFAULT NULL,
  PRIMARY KEY (`EMPLACEMENT_ID`),
  KEY `FK_EMPLACEMENT_TERMINALE_ID` (`TERMINALE_ID`),
  KEY `FK_EMPLACEMENT_ENTITE_ID` (`ENTITE_ID`),
  CONSTRAINT `FK_EMPLACEMENT_ENTITE_ID` FOREIGN KEY (`ENTITE_ID`) REFERENCES `ENTITE` (`ENTITE_ID`),
  CONSTRAINT `FK_EMPLACEMENT_TERMINALE_ID` FOREIGN KEY (`TERMINALE_ID`) REFERENCES `TERMINALE` (`TERMINALE_ID`)
) ENGINE=InnoDB DEFAULT CHARSET=utf8;
/*!40101 SET character_set_client = @saved_cs_client */;

--
-- Dumping data for table `EMPLACEMENT`
--

LOCK TABLES `EMPLACEMENT` WRITE;
/*!40000 ALTER TABLE `EMPLACEMENT` DISABLE KEYS */;
INSERT INTO `EMPLACEMENT` VALUES (1,1,1,1,8,0,'CC1.R1.T1.BT1.A-A',NULL),(2,1,2,2,8,0,'CC1.R1.T1.BT1.A-B',NULL),(3,1,3,2,3,0,'CC1.R1.T1.BT1.A-C',NULL),(4,1,10,NULL,NULL,1,'CC1.R1.T1.BT1.A-J',NULL),(5,1,11,NULL,NULL,1,'CC1.R1.T1.BT1.B-A',NULL),(6,6,1,NULL,NULL,1,'CC1.R2.T6.BT1.A-1',NULL),(7,6,2,NULL,NULL,1,'CC1.R2.T6.BT1.A-2',NULL);
/*!40000 ALTER TABLE `EMPLACEMENT` ENABLE KEYS */;
UNLOCK TABLES;

--
-- Table structure for table `ENCEINTE`
--

DROP TABLE IF EXISTS `ENCEINTE`;
/*!40101 SET @saved_cs_client     = @@character_set_client */;
/*!40101 SET character_set_client = utf8 */;
CREATE TABLE `ENCEINTE` (
  `ENCEINTE_ID` int(10) NOT NULL DEFAULT '0',
  `ENCEINTE_TYPE_ID` int(2) NOT NULL DEFAULT '0',
  `CONTENEUR_ID` int(10) DEFAULT NULL,
  `ENCEINTE_PERE_ID` int(10) DEFAULT NULL,
  `NOM` varchar(50) NOT NULL,
  `POSITION` int(10) NOT NULL DEFAULT '0',
  `ALIAS` varchar(50) DEFAULT NULL,
  `NB_PLACES` int(4) NOT NULL DEFAULT '0',
  `ENTITE_ID` int(2) DEFAULT NULL,
  `ARCHIVE` tinyint(1) DEFAULT '0',
  `COULEUR_ID` int(3) DEFAULT NULL,
  PRIMARY KEY (`ENCEINTE_ID`),
  KEY `FK_ENCEINTE_CONTENEUR_ID` (`CONTENEUR_ID`),
  KEY `FK_ENCEINTE_ENCEINTE_PERE_ID` (`ENCEINTE_PERE_ID`),
  KEY `FK_ENCEINTE_ENTITE_ID` (`ENTITE_ID`),
  KEY `FK_ENCEINTE_ENCEINTE_TYPE_ID` (`ENCEINTE_TYPE_ID`),
  KEY `FK_ENCEINTE_COULEUR_ID` (`COULEUR_ID`),
  CONSTRAINT `FK_ENCEINTE_CONTENEUR_ID` FOREIGN KEY (`CONTENEUR_ID`) REFERENCES `CONTENEUR` (`CONTENEUR_ID`),
  CONSTRAINT `FK_ENCEINTE_COULEUR_ID` FOREIGN KEY (`COULEUR_ID`) REFERENCES `COULEUR` (`COULEUR_ID`),
  CONSTRAINT `FK_ENCEINTE_ENCEINTE_PERE_ID` FOREIGN KEY (`ENCEINTE_PERE_ID`) REFERENCES `ENCEINTE` (`ENCEINTE_ID`),
  CONSTRAINT `FK_ENCEINTE_ENCEINTE_TYPE_ID` FOREIGN KEY (`ENCEINTE_TYPE_ID`) REFERENCES `ENCEINTE_TYPE` (`ENCEINTE_TYPE_ID`),
  CONSTRAINT `FK_ENCEINTE_ENTITE_ID` FOREIGN KEY (`ENTITE_ID`) REFERENCES `ENTITE` (`ENTITE_ID`)
) ENGINE=InnoDB DEFAULT CHARSET=utf8;
/*!40101 SET character_set_client = @saved_cs_client */;

--
-- Dumping data for table `ENCEINTE`
--

LOCK TABLES `ENCEINTE` WRITE;
/*!40000 ALTER TABLE `ENCEINTE` DISABLE KEYS */;
INSERT INTO `ENCEINTE` VALUES (1,6,1,NULL,'R1',1,'1-8756',6,NULL,0,14),(2,6,1,NULL,'R2',2,'1-999',6,NULL,0,15),(3,2,NULL,1,'T1',1,NULL,5,NULL,0,NULL),(4,2,NULL,1,'T2',2,'alias',5,NULL,0,NULL),(5,2,NULL,1,'T4',4,'enc158',5,3,0,NULL),(6,2,NULL,2,'T1',1,'hujo',5,NULL,0,NULL),(7,2,NULL,2,'T6',6,'enc',5,8,0,NULL);
/*!40000 ALTER TABLE `ENCEINTE` ENABLE KEYS */;
UNLOCK TABLES;

--
-- Table structure for table `ENCEINTE_BANQUE`
--

DROP TABLE IF EXISTS `ENCEINTE_BANQUE`;
/*!40101 SET @saved_cs_client     = @@character_set_client */;
/*!40101 SET character_set_client = utf8 */;
CREATE TABLE `ENCEINTE_BANQUE` (
  `ENCEINTE_ID` int(10) NOT NULL DEFAULT '0',
  `BANQUE_ID` int(10) NOT NULL DEFAULT '0',
  PRIMARY KEY (`BANQUE_ID`,`ENCEINTE_ID`),
  KEY `FK_ENCEINTE_BANQUE_ENCEINTE_ID` (`ENCEINTE_ID`),
  CONSTRAINT `FK_ENCEINTE_BANQUE_BANQUE_ID` FOREIGN KEY (`BANQUE_ID`) REFERENCES `BANQUE` (`BANQUE_ID`),
  CONSTRAINT `FK_ENCEINTE_BANQUE_ENCEINTE_ID` FOREIGN KEY (`ENCEINTE_ID`) REFERENCES `ENCEINTE` (`ENCEINTE_ID`)
) ENGINE=InnoDB DEFAULT CHARSET=utf8;
/*!40101 SET character_set_client = @saved_cs_client */;

--
-- Dumping data for table `ENCEINTE_BANQUE`
--

LOCK TABLES `ENCEINTE_BANQUE` WRITE;
/*!40000 ALTER TABLE `ENCEINTE_BANQUE` DISABLE KEYS */;
INSERT INTO `ENCEINTE_BANQUE` VALUES (5,1),(5,2),(7,2);
/*!40000 ALTER TABLE `ENCEINTE_BANQUE` ENABLE KEYS */;
UNLOCK TABLES;

--
-- Table structure for table `ENCEINTE_TYPE`
--

DROP TABLE IF EXISTS `ENCEINTE_TYPE`;
/*!40101 SET @saved_cs_client     = @@character_set_client */;
/*!40101 SET character_set_client = utf8 */;
CREATE TABLE `ENCEINTE_TYPE` (
  `ENCEINTE_TYPE_ID` int(10) NOT NULL DEFAULT '0',
  `TYPE` varchar(200) NOT NULL,
  `PREFIXE` varchar(5) NOT NULL,
  `PLATEFORME_ID` int(10) NOT NULL,
  PRIMARY KEY (`ENCEINTE_TYPE_ID`),
  KEY `FK_ENCEINTE_TYPE_PLATEFORME_ID` (`PLATEFORME_ID`),
  CONSTRAINT `FK_ENCEINTE_TYPE_PLATEFORME_ID` FOREIGN KEY (`PLATEFORME_ID`) REFERENCES `PLATEFORME` (`PLATEFORME_ID`)
) ENGINE=InnoDB DEFAULT CHARSET=utf8;
/*!40101 SET character_set_client = @saved_cs_client */;

--
-- Dumping data for table `ENCEINTE_TYPE`
--

LOCK TABLES `ENCEINTE_TYPE` WRITE;
/*!40000 ALTER TABLE `ENCEINTE_TYPE` DISABLE KEYS */;
INSERT INTO `ENCEINTE_TYPE` VALUES (1,'CASIER','CAS',1),(2,'TIROIR','TIR',1),(3,'BOITE','BT',1),(4,'TIGE','TIG',1),(5,'PANIER','PAN',1),(6,'RACK','RAC',1),(7,'CANISTER','CAN',1),(8,'GOBELET','GOB',2),(9,'GOBELET MARGUERITE','MAR',1);
/*!40000 ALTER TABLE `ENCEINTE_TYPE` ENABLE KEYS */;
UNLOCK TABLES;

--
-- Table structure for table `ENTITE`
--

DROP TABLE IF EXISTS `ENTITE`;
/*!40101 SET @saved_cs_client     = @@character_set_client */;
/*!40101 SET character_set_client = utf8 */;
CREATE TABLE `ENTITE` (
  `ENTITE_ID` int(2) NOT NULL DEFAULT '0',
  `NOM` varchar(25) DEFAULT NULL,
  `MASC` tinyint(1) NOT NULL DEFAULT '0',
  `ANNOTABLE` tinyint(1) NOT NULL DEFAULT '0',
  PRIMARY KEY (`ENTITE_ID`)
) ENGINE=InnoDB DEFAULT CHARSET=utf8;
/*!40101 SET character_set_client = @saved_cs_client */;

--
-- Dumping data for table `ENTITE`
--

LOCK TABLES `ENTITE` WRITE;
/*!40000 ALTER TABLE `ENTITE` DISABLE KEYS */;
INSERT INTO `ENTITE` VALUES (1,'Patient',1,1),(2,'Prelevement',1,1),(3,'Echantillon',1,1),(4,'Stockage',1,0),(5,'Cession',0,1),(6,'Administration',0,0),(7,'Maladie',0,0),(8,'ProdDerive',1,1),(9,'Boite',0,0),(10,'Conteneur',1,0),(11,'Indicateur',1,0),(12,'Conformite',1,0),(13,'Utilisateur',1,0),(14,'Profil',1,0),(15,'Annotation',0,0),(16,'CodeAssigne',1,0),(17,'Protocole',1,0),(18,'Contrat',1,0),(19,'Retour',1,0),(20,'Modele',1,0),(21,'Incident',1,0),(22,'Requete',1,0),(23,'FiltreImport',1,0),(24,'AffichageSynth',1,0),(25,'Etablissement',1,0),(26,'Service',1,0),(27,'Collaborateur',1,0),(28,'Transporteur',1,0),(29,'TableAnnotation',0,0),(30,'ChampAnnotation',1,0),(31,'AnnotationValeur',1,0),(32,'CodeSelect',1,0),(33,'CodeUtilisateur',1,0),(34,'Banque',0,0),(35,'Nature',0,0),(36,'ConsentType',1,0),(37,'PrelevementType',1,0),(38,'ConditMilieu',1,0),(39,'Unite',0,0),(40,'ObjetStatut',1,0),(41,'CodeOrgane',0,0),(42,'EchanQualite',0,0),(43,'ModePrepa',1,0),(44,'Reservation',0,0),(45,'ProdType',1,0),(46,'ProdQualite',0,0),(47,'ConditType',1,0),(48,'CessionType',1,0),(49,'CessionExamen',1,0),(50,'CessionStatut',1,0),(51,'DestructionMotif',1,0),(52,'EchantillonType',1,0),(53,'CodeDossier',1,0),(54,'CodeMorpho',1,0),(55,'PatientMedecin',1,0),(56,'Terminale',0,0),(57,'Enceinte',0,0),(58,'Fantome',1,0),(59,'ModePrepaDerive',1,0),(60,'Transformation',0,0),(61,'Plateforme',0,0),(62,'Risque',1,0);
/*!40000 ALTER TABLE `ENTITE` ENABLE KEYS */;
UNLOCK TABLES;

--
-- Table structure for table `ETABLISSEMENT`
--

DROP TABLE IF EXISTS `ETABLISSEMENT`;
/*!40101 SET @saved_cs_client     = @@character_set_client */;
/*!40101 SET character_set_client = utf8 */;
CREATE TABLE `ETABLISSEMENT` (
  `ETABLISSEMENT_ID` int(10) NOT NULL DEFAULT '0',
  `COORDONNEE_ID` int(10) DEFAULT NULL,
  `CATEGORIE_ID` int(2) DEFAULT NULL,
  `NOM` varchar(100) NOT NULL DEFAULT '',
  `FINESS` varchar(20) DEFAULT NULL,
  `LOCAL` tinyint(1) DEFAULT '0',
  `ARCHIVE` tinyint(1) DEFAULT '0',
  PRIMARY KEY (`ETABLISSEMENT_ID`),
  KEY `FK_ETABLISSEMENT_COORDONNEE_ID` (`COORDONNEE_ID`),
  KEY `FK_ETABLISSEMENT_CATEGORIE_ID` (`CATEGORIE_ID`),
  CONSTRAINT `FK_ETABLISSEMENT_CATEGORIE_ID` FOREIGN KEY (`CATEGORIE_ID`) REFERENCES `CATEGORIE` (`CATEGORIE_ID`) ON DELETE SET NULL,
  CONSTRAINT `FK_ETABLISSEMENT_COORDONNEE_ID` FOREIGN KEY (`COORDONNEE_ID`) REFERENCES `COORDONNEE` (`COORDONNEE_ID`)
) ENGINE=InnoDB DEFAULT CHARSET=utf8;
/*!40101 SET character_set_client = @saved_cs_client */;

--
-- Dumping data for table `ETABLISSEMENT`
--

LOCK TABLES `ETABLISSEMENT` WRITE;
/*!40000 ALTER TABLE `ETABLISSEMENT` DISABLE KEYS */;
INSERT INTO `ETABLISSEMENT` VALUES (1,1,1,'SAINT LOUIS','1111',1,0),(2,2,2,'FOCH SURESNES','2222',1,1),(3,3,1,'BEAUVAIS CH','3333',0,0),(4,4,1,'BREST CH','4444',0,0);
/*!40000 ALTER TABLE `ETABLISSEMENT` ENABLE KEYS */;
UNLOCK TABLES;

--
-- Table structure for table `FANTOME`
--

DROP TABLE IF EXISTS `FANTOME`;
/*!40101 SET @saved_cs_client     = @@character_set_client */;
/*!40101 SET character_set_client = utf8 */;
CREATE TABLE `FANTOME` (
  `FANTOME_ID` int(10) NOT NULL,
  `NOM` varchar(100) NOT NULL,
  `COMMENTAIRES` text,
  `ENTITE_ID` int(2) NOT NULL DEFAULT '0',
  PRIMARY KEY (`FANTOME_ID`),
  KEY `FK_FANTOME_ENTITE_ID` (`ENTITE_ID`),
  CONSTRAINT `FK_FANTOME_ENTITE_ID` FOREIGN KEY (`ENTITE_ID`) REFERENCES `ENTITE` (`ENTITE_ID`)
) ENGINE=InnoDB DEFAULT CHARSET=utf8;
/*!40101 SET character_set_client = @saved_cs_client */;

--
-- Dumping data for table `FANTOME`
--

LOCK TABLES `FANTOME` WRITE;
/*!40000 ALTER TABLE `FANTOME` DISABLE KEYS */;
INSERT INTO `FANTOME` VALUES (1,'Fantome Echan 1',NULL,3),(2,'Fantome Echan 2',NULL,3),(3,'Fantome Patient 1','Ce patient a ete supprime parce qu\'il est juste vilain ',1),(4,'Fantome Prelevement 2',NULL,2),(5,'Fantome Dérivé 1','Dérivé supprimé car raté ',8);
/*!40000 ALTER TABLE `FANTOME` ENABLE KEYS */;
UNLOCK TABLES;

--
-- Table structure for table `FICHIER`
--

DROP TABLE IF EXISTS `FICHIER`;
/*!40101 SET @saved_cs_client     = @@character_set_client */;
/*!40101 SET character_set_client = utf8 */;
CREATE TABLE `FICHIER` (
  `FICHIER_ID` int(10) NOT NULL DEFAULT '0',
  `NOM` varchar(100) NOT NULL DEFAULT '',
  `PATH` varchar(100) NOT NULL DEFAULT '',
  `MIMETYPE` varchar(100) NOT NULL,
  PRIMARY KEY (`FICHIER_ID`)
) ENGINE=InnoDB DEFAULT CHARSET=utf8;
/*!40101 SET character_set_client = @saved_cs_client */;

--
-- Dumping data for table `FICHIER`
--

LOCK TABLES `FICHIER` WRITE;
/*!40000 ALTER TABLE `FICHIER` DISABLE KEYS */;
INSERT INTO `FICHIER` VALUES (1,'nom1','PATH1','application/octet-stream'),(2,'nom2','PATH2','application/octet-stream'),(3,'nom3','PATH3','application/octet-stream');
/*!40000 ALTER TABLE `FICHIER` ENABLE KEYS */;
UNLOCK TABLES;

--
-- Table structure for table `GROUPEMENT`
--

DROP TABLE IF EXISTS `GROUPEMENT`;
/*!40101 SET @saved_cs_client     = @@character_set_client */;
/*!40101 SET character_set_client = utf8 */;
CREATE TABLE `GROUPEMENT` (
  `GROUPEMENT_ID` smallint(5) unsigned NOT NULL DEFAULT '0',
  `CRITERE1_ID` smallint(5) unsigned DEFAULT NULL,
  `CRITERE2_ID` smallint(5) unsigned DEFAULT NULL,
  `PARENT_ID` smallint(5) unsigned DEFAULT NULL,
  `OPERATEUR` varchar(10) DEFAULT NULL,
  PRIMARY KEY (`GROUPEMENT_ID`),
  KEY `FK_GROUPEMENT_CRITERE1_ID` (`CRITERE1_ID`),
  KEY `FK_GROUPEMENT_CRITERE2_ID` (`CRITERE2_ID`),
  CONSTRAINT `FK_GROUPEMENT_CRITERE1_ID` FOREIGN KEY (`CRITERE1_ID`) REFERENCES `CRITERE` (`CRITERE_ID`) ON DELETE CASCADE,
  CONSTRAINT `FK_GROUPEMENT_CRITERE2_ID` FOREIGN KEY (`CRITERE2_ID`) REFERENCES `CRITERE` (`CRITERE_ID`) ON DELETE CASCADE
) ENGINE=InnoDB DEFAULT CHARSET=utf8;
/*!40101 SET character_set_client = @saved_cs_client */;

--
-- Dumping data for table `GROUPEMENT`
--

LOCK TABLES `GROUPEMENT` WRITE;
/*!40000 ALTER TABLE `GROUPEMENT` DISABLE KEYS */;
INSERT INTO `GROUPEMENT` VALUES (1,1,2,NULL,'or'),(2,3,NULL,NULL,NULL),(3,4,NULL,NULL,'and'),(4,5,6,3,'and'),(5,7,NULL,NULL,NULL);
/*!40000 ALTER TABLE `GROUPEMENT` ENABLE KEYS */;
UNLOCK TABLES;

--
-- Table structure for table `IMPORTATION`
--

DROP TABLE IF EXISTS `IMPORTATION`;
/*!40101 SET @saved_cs_client     = @@character_set_client */;
/*!40101 SET character_set_client = utf8 */;
CREATE TABLE `IMPORTATION` (
  `IMPORTATION_ID` int(10) NOT NULL,
  `OBJET_ID` int(10) NOT NULL,
  `ENTITE_ID` int(10) NOT NULL,
  `DATE_IMPORT` datetime DEFAULT NULL,
  `IMPORT_HISTORIQUE_ID` int(10) DEFAULT NULL,
  PRIMARY KEY (`IMPORTATION_ID`),
  KEY `FK_IMPORTATION_IMPORT_ENTITE_ID` (`ENTITE_ID`),
  KEY `FK_IMPORTATION_IMPORT_HISTORIQUE_ID` (`IMPORT_HISTORIQUE_ID`)
) ENGINE=MyISAM DEFAULT CHARSET=utf8;
/*!40101 SET character_set_client = @saved_cs_client */;

--
-- Dumping data for table `IMPORTATION`
--

LOCK TABLES `IMPORTATION` WRITE;
/*!40000 ALTER TABLE `IMPORTATION` DISABLE KEYS */;
INSERT INTO `IMPORTATION` VALUES (1,4,2,'2010-02-01 08:40:00',1),(2,1,1,'2011-02-01 19:30:00',1);
/*!40000 ALTER TABLE `IMPORTATION` ENABLE KEYS */;
UNLOCK TABLES;

--
-- Table structure for table `IMPORT_COLONNE`
--

DROP TABLE IF EXISTS `IMPORT_COLONNE`;
/*!40101 SET @saved_cs_client     = @@character_set_client */;
/*!40101 SET character_set_client = utf8 */;
CREATE TABLE `IMPORT_COLONNE` (
  `IMPORT_COLONNE_ID` int(10) NOT NULL,
  `IMPORT_TEMPLATE_ID` int(10) NOT NULL,
  `CHAMP_ID` int(10) NOT NULL,
  `NOM` varchar(50) NOT NULL,
  `ORDRE` int(2) DEFAULT '0',
  PRIMARY KEY (`IMPORT_COLONNE_ID`),
  KEY `FK_IMPORT_COLONNE_IMPORT_TEMPLATE_ID` (`IMPORT_TEMPLATE_ID`),
  KEY `FK_IMPORT_COLONNE_CHAMP_ID` (`CHAMP_ID`),
  CONSTRAINT `FK_IMPORT_COLONNE_CHAMP_ID` FOREIGN KEY (`CHAMP_ID`) REFERENCES `CHAMP` (`CHAMP_ID`),
  CONSTRAINT `FK_IMPORT_COLONNE_IMPORT_TEMPLATE_ID` FOREIGN KEY (`IMPORT_TEMPLATE_ID`) REFERENCES `IMPORT_TEMPLATE` (`IMPORT_TEMPLATE_ID`)
) ENGINE=InnoDB DEFAULT CHARSET=utf8;
/*!40101 SET character_set_client = @saved_cs_client */;

--
-- Dumping data for table `IMPORT_COLONNE`
--

LOCK TABLES `IMPORT_COLONNE` WRITE;
/*!40000 ALTER TABLE `IMPORT_COLONNE` DISABLE KEYS */;
INSERT INTO `IMPORT_COLONNE` VALUES (1,1,34,'Nip patient',1),(2,1,35,'Nom patient',2),(3,1,36,'Etat patient',3),(4,1,37,'Date naissance',4),(5,1,38,'Maladie',5),(6,1,39,'Code prlvt',6),(7,1,40,'Nature',7),(8,1,41,'Statut juridique',8),(9,1,42,'Préleveur',9),(10,1,43,'Alphanum2',10),(11,1,44,'Bool1',11),(12,3,45,'Nip',1),(13,3,46,'Nom',2),(14,3,47,'Prénom',3),(15,1,48,'Date diagnostic',12),(16,1,49,'Prénom patient',13),(17,1,50,'Link1',14),(18,1,51,'version cTNM',15),(19,1,52,'Champs spécifiques de type Cancer',16),(20,1,53,'Code échantillon',17),(21,1,54,'Type d\'échantillon',18),(22,1,55,'Date de stockage',19),(23,1,56,'Code dérivé',20),(24,1,57,'Type du dérivé',21),(25,1,58,'Date de transformation',22),(26,1,59,'Emplacement échantillon',23),(27,1,60,'Emplacement dérivé',24),(28,1,61,'Statut échantillon',25),(29,4,62,'NIP',1),(30,4,63,'Nom',2),(31,4,64,'Nom Patro',3),(32,4,65,'Prénom',4),(33,4,66,'Sexe',5),(34,4,67,'DDN',6),(35,4,68,'Ville',7),(36,4,69,'Pays',8),(37,4,70,'Etat',9),(38,4,71,'Date état',10),(39,4,72,'Date décès',11),(40,4,73,'Libellé',12),(41,4,74,'Code Maladie',13),(42,4,75,'Date diagnostic',14),(43,4,76,'Date début',15),(44,4,77,'Code prlvt',16),(45,4,78,'Nature',17),(46,4,79,'Consentement',18),(47,4,80,'Date Consentement',19),(48,4,81,'Préleveur',20),(49,4,82,'Service préleveur',21),(50,4,83,'Date Prlvt',22),(51,4,84,'Type Prlvt',23),(52,4,85,'Type Condit',24),(53,4,86,'Milieu',25),(54,4,87,'Nb Condit',26),(55,4,88,'Date départ',27),(56,4,89,'Transporteur',28),(57,4,90,'Temp de transport',29),(58,4,91,'Date arrivée',30),(59,4,92,'Opérateur',31),(60,4,93,'Quantité Prlvt',32),(61,4,94,'Unité Prlvt',33),(62,4,95,'Dossier patient',34),(63,4,96,'Num Labo',35),(64,4,97,'Stérile',36),(65,4,98,'Opérateur Echan',37),(66,4,99,'Code Echan',38),(67,4,100,'Statut Echan',39),(68,4,101,'Date stockage Echan',40),(69,4,102,'Emplacement Echan',41),(70,4,103,'Type Echan',42),(71,4,104,'Lateralite',43),(72,4,105,'Qte Echan',44),(73,4,106,'Qte Init Echan',45),(74,4,107,'Unite Qte Echan',46),(75,4,108,'Délai Cgl',48),(76,4,109,'Qualite',49),(77,4,110,'Tumoral',50),(78,4,111,'Mode prepa',51),(79,4,112,'Stérile Echan',52),(80,4,113,'Type PD',53),(81,4,114,'Code PD',54),(82,4,115,'Num Labo PD',55),(83,4,116,'Statut PD',56),(84,4,117,'Op PD',57),(85,4,118,'Volume Init PD',58),(86,4,119,'Volume PD',59),(87,4,120,'Conc',60),(88,4,121,'Date stockage PD',61),(89,4,122,'Emplacement PD',62),(90,4,123,'Unite Volume PD',63),(91,4,124,'Unité Conc',64),(92,4,125,'Qte Init PD',65),(93,4,126,'Qte PD',66),(94,4,127,'Unte Qre PD',67),(95,4,128,'Qualité PD',68),(96,4,129,'Date Transfo',69),(97,4,130,'Mode Prépa PD',70),(98,1,131,'Code Organe',26),(99,1,132,'Code lésionnel',27),(100,1,143,'Risques',28);
/*!40000 ALTER TABLE `IMPORT_COLONNE` ENABLE KEYS */;
UNLOCK TABLES;

--
-- Table structure for table `IMPORT_HISTORIQUE`
--

DROP TABLE IF EXISTS `IMPORT_HISTORIQUE`;
/*!40101 SET @saved_cs_client     = @@character_set_client */;
/*!40101 SET character_set_client = utf8 */;
CREATE TABLE `IMPORT_HISTORIQUE` (
  `IMPORT_HISTORIQUE_ID` int(10) NOT NULL,
  `IMPORT_TEMPLATE_ID` int(10) NOT NULL,
  `UTILISATEUR_ID` int(10) NOT NULL,
  `DATE_` datetime DEFAULT NULL,
  PRIMARY KEY (`IMPORT_HISTORIQUE_ID`),
  KEY `FK_IMPORT_HISTORIQUE_IMPORT_TEMPLATE_ID` (`IMPORT_TEMPLATE_ID`),
  KEY `FK_IMPORT_HISTORIQUE_IMPORT_UTILISATEUR_ID` (`UTILISATEUR_ID`),
  CONSTRAINT `FK_IMPORT_HISTORIQUE_IMPORT_TEMPLATE_ID` FOREIGN KEY (`IMPORT_TEMPLATE_ID`) REFERENCES `IMPORT_TEMPLATE` (`IMPORT_TEMPLATE_ID`),
  CONSTRAINT `FK_IMPORT_HISTORIQUE_IMPORT_UTILISATEUR_ID` FOREIGN KEY (`UTILISATEUR_ID`) REFERENCES `UTILISATEUR` (`UTILISATEUR_ID`)
) ENGINE=InnoDB DEFAULT CHARSET=utf8;
/*!40101 SET character_set_client = @saved_cs_client */;

--
-- Dumping data for table `IMPORT_HISTORIQUE`
--

LOCK TABLES `IMPORT_HISTORIQUE` WRITE;
/*!40000 ALTER TABLE `IMPORT_HISTORIQUE` DISABLE KEYS */;
INSERT INTO `IMPORT_HISTORIQUE` VALUES (1,1,1,'2011-01-19 14:30:00'),(2,1,1,'2011-01-27 16:00:00'),(3,2,2,'2011-02-01 08:40:00');
/*!40000 ALTER TABLE `IMPORT_HISTORIQUE` ENABLE KEYS */;
UNLOCK TABLES;

--
-- Table structure for table `IMPORT_TEMPLATE`
--

DROP TABLE IF EXISTS `IMPORT_TEMPLATE`;
/*!40101 SET @saved_cs_client     = @@character_set_client */;
/*!40101 SET character_set_client = utf8 */;
CREATE TABLE `IMPORT_TEMPLATE` (
  `IMPORT_TEMPLATE_ID` int(10) NOT NULL,
  `BANQUE_ID` int(10) NOT NULL,
  `NOM` varchar(50) NOT NULL,
  `DESCRIPTION` varchar(250) DEFAULT NULL,
  `IS_EDITABLE` tinyint(1) DEFAULT '1',
  PRIMARY KEY (`IMPORT_TEMPLATE_ID`),
  KEY `FK_IMPORT_TEMPLATE_BANQUE_ID` (`BANQUE_ID`),
  CONSTRAINT `FK_IMPORT_TEMPLATE_BANQUE_ID` FOREIGN KEY (`BANQUE_ID`) REFERENCES `BANQUE` (`BANQUE_ID`)
) ENGINE=InnoDB DEFAULT CHARSET=utf8;
/*!40101 SET character_set_client = @saved_cs_client */;

--
-- Dumping data for table `IMPORT_TEMPLATE`
--

LOCK TABLES `IMPORT_TEMPLATE` WRITE;
/*!40000 ALTER TABLE `IMPORT_TEMPLATE` DISABLE KEYS */;
INSERT INTO `IMPORT_TEMPLATE` VALUES (1,1,'IMPORT PRLVTS ET PATIENTS','IMPORT DE NOUVEAUX PRELEVEMENTS ET DE PATIENTS',1),(2,1,'IMPORT AUTO','IMPORT AUTOMATIQUE',0),(3,2,'IMPORT PATIENTS','IMPORT DE NOUVEAUX PATIENTS',1),(4,1,'IMPORT TOTAL','IMPORT DE TOUS LES CHAMPS',1);
/*!40000 ALTER TABLE `IMPORT_TEMPLATE` ENABLE KEYS */;
UNLOCK TABLES;

--
-- Table structure for table `IMPORT_TEMPLATE_ENTITE`
--

DROP TABLE IF EXISTS `IMPORT_TEMPLATE_ENTITE`;
/*!40101 SET @saved_cs_client     = @@character_set_client */;
/*!40101 SET character_set_client = utf8 */;
CREATE TABLE `IMPORT_TEMPLATE_ENTITE` (
  `IMPORT_TEMPLATE_ID` int(10) NOT NULL,
  `ENTITE_ID` int(10) NOT NULL,
  PRIMARY KEY (`IMPORT_TEMPLATE_ID`,`ENTITE_ID`),
  KEY `FK_IMPORT_TEMPLATE_ENTITE_ID` (`ENTITE_ID`),
  CONSTRAINT `FK_IMPORT_TEMPLATE_ENTITE_ID` FOREIGN KEY (`ENTITE_ID`) REFERENCES `ENTITE` (`ENTITE_ID`),
  CONSTRAINT `FK_IMPORT_TEMPLATE_ENTITE_IMPORT_TEMPLATE_ID` FOREIGN KEY (`IMPORT_TEMPLATE_ID`) REFERENCES `IMPORT_TEMPLATE` (`IMPORT_TEMPLATE_ID`)
) ENGINE=InnoDB DEFAULT CHARSET=utf8;
/*!40101 SET character_set_client = @saved_cs_client */;

--
-- Dumping data for table `IMPORT_TEMPLATE_ENTITE`
--

LOCK TABLES `IMPORT_TEMPLATE_ENTITE` WRITE;
/*!40000 ALTER TABLE `IMPORT_TEMPLATE_ENTITE` DISABLE KEYS */;
INSERT INTO `IMPORT_TEMPLATE_ENTITE` VALUES (1,1),(2,1),(3,1),(4,1),(1,2),(2,2),(4,2),(1,3),(2,3),(4,3),(1,7),(2,7),(4,7),(1,8),(2,8),(4,8),(2,60);
/*!40000 ALTER TABLE `IMPORT_TEMPLATE_ENTITE` ENABLE KEYS */;
UNLOCK TABLES;

--
-- Table structure for table `IMPRIMANTE`
--

DROP TABLE IF EXISTS `IMPRIMANTE`;
/*!40101 SET @saved_cs_client     = @@character_set_client */;
/*!40101 SET character_set_client = utf8 */;
CREATE TABLE `IMPRIMANTE` (
  `IMPRIMANTE_ID` int(10) NOT NULL DEFAULT '0',
  `NOM` varchar(50) NOT NULL DEFAULT '',
  `ABSCISSE` int(10) NOT NULL DEFAULT '0',
  `ORDONNEE` int(10) NOT NULL DEFAULT '0',
  `LARGEUR` int(10) NOT NULL DEFAULT '0',
  `LONGUEUR` int(10) NOT NULL DEFAULT '0',
  `ORIENTATION` int(10) NOT NULL DEFAULT '0',
  `MBIO_PRINTER` int(10) DEFAULT NULL,
  `IMPRIMANTE_API_ID` int(10) NOT NULL,
  `PLATEFORME_ID` int(10) NOT NULL DEFAULT '1',
  PRIMARY KEY (`IMPRIMANTE_ID`),
  KEY `FK_IMPRIMANTE_IMPRIMANTE_API_ID` (`IMPRIMANTE_API_ID`),
  KEY `FK_IMPRIMANTE_PLATEFORME_ID` (`PLATEFORME_ID`),
  CONSTRAINT `FK_IMPRIMANTE_IMPRIMANTE_API_ID` FOREIGN KEY (`IMPRIMANTE_API_ID`) REFERENCES `IMPRIMANTE_API` (`IMPRIMANTE_API_ID`),
  CONSTRAINT `FK_IMPRIMANTE_PLATEFORME_ID` FOREIGN KEY (`PLATEFORME_ID`) REFERENCES `PLATEFORME` (`PLATEFORME_ID`)
) ENGINE=InnoDB DEFAULT CHARSET=utf8;
/*!40101 SET character_set_client = @saved_cs_client */;

--
-- Dumping data for table `IMPRIMANTE`
--

LOCK TABLES `IMPRIMANTE` WRITE;
/*!40000 ALTER TABLE `IMPRIMANTE` DISABLE KEYS */;
INSERT INTO `IMPRIMANTE` VALUES (1,'PDF',0,0,0,0,1,NULL,1,1),(2,'sls0501',0,0,0,0,1,NULL,1,1);
/*!40000 ALTER TABLE `IMPRIMANTE` ENABLE KEYS */;
UNLOCK TABLES;

--
-- Table structure for table `IMPRIMANTE_API`
--

DROP TABLE IF EXISTS `IMPRIMANTE_API`;
/*!40101 SET @saved_cs_client     = @@character_set_client */;
/*!40101 SET character_set_client = utf8 */;
CREATE TABLE `IMPRIMANTE_API` (
  `IMPRIMANTE_API_ID` int(10) NOT NULL,
  `NOM` varchar(50) NOT NULL,
  PRIMARY KEY (`IMPRIMANTE_API_ID`)
) ENGINE=InnoDB DEFAULT CHARSET=utf8;
/*!40101 SET character_set_client = @saved_cs_client */;

--
-- Dumping data for table `IMPRIMANTE_API`
--

LOCK TABLES `IMPRIMANTE_API` WRITE;
/*!40000 ALTER TABLE `IMPRIMANTE_API` DISABLE KEYS */;
INSERT INTO `IMPRIMANTE_API` VALUES (1,'tumo'),(2,'mbio');
/*!40000 ALTER TABLE `IMPRIMANTE_API` ENABLE KEYS */;
UNLOCK TABLES;

--
-- Table structure for table `INCIDENT`
--

DROP TABLE IF EXISTS `INCIDENT`;
/*!40101 SET @saved_cs_client     = @@character_set_client */;
/*!40101 SET character_set_client = utf8 */;
CREATE TABLE `INCIDENT` (
  `INCIDENT_ID` int(10) NOT NULL DEFAULT '0',
  `NOM` varchar(50) NOT NULL DEFAULT '',
  `DATE_` datetime DEFAULT NULL,
  `DESCRIPTION` text,
  `CONTENEUR_ID` int(10) NOT NULL DEFAULT '0',
  PRIMARY KEY (`INCIDENT_ID`),
  KEY `FK_INCIDENT_CONTENEUR_ID` (`CONTENEUR_ID`),
  CONSTRAINT `FK_INCIDENT_CONTENEUR_ID` FOREIGN KEY (`CONTENEUR_ID`) REFERENCES `CONTENEUR` (`CONTENEUR_ID`)
) ENGINE=InnoDB DEFAULT CHARSET=utf8;
/*!40101 SET character_set_client = @saved_cs_client */;

--
-- Dumping data for table `INCIDENT`
--

LOCK TABLES `INCIDENT` WRITE;
/*!40000 ALTER TABLE `INCIDENT` DISABLE KEYS */;
INSERT INTO `INCIDENT` VALUES (1,'COUPURE ELECTRIQUE','2009-10-25 19:43:12','Coupure de courant pendant 5min.',1),(2,'CHUTE MATERIEL','2009-05-10 10:15:00','Chute d\'un tiroir du congélateur.',1),(3,'COUPURE COURANT CRYOEX25','2010-02-21 14:00:00','Coupure de courant pendant 15min..',2),(4,'HAUSSE TEMPERATURE CC1','2009-08-12 15:00:00',NULL,1);
/*!40000 ALTER TABLE `INCIDENT` ENABLE KEYS */;
UNLOCK TABLES;

--
-- Table structure for table `INDICATEUR`
--

DROP TABLE IF EXISTS `INDICATEUR`;
/*!40101 SET @saved_cs_client     = @@character_set_client */;
/*!40101 SET character_set_client = utf8 */;
CREATE TABLE `INDICATEUR` (
  `INDICATEUR_ID` int(10) NOT NULL DEFAULT '0',
  `NOM` varchar(50) NOT NULL DEFAULT '',
  `GROUPE_COLLECTION` tinyint(1) DEFAULT '0',
  `TIMER_ID` int(3) DEFAULT NULL,
  PRIMARY KEY (`INDICATEUR_ID`),
  KEY `FK_INDICATEUR_TIMER_ID` (`TIMER_ID`),
  CONSTRAINT `FK_INDICATEUR_TIMER_ID` FOREIGN KEY (`TIMER_ID`) REFERENCES `TIMER` (`TIMER_ID`)
) ENGINE=InnoDB DEFAULT CHARSET=utf8;
/*!40101 SET character_set_client = @saved_cs_client */;

--
-- Dumping data for table `INDICATEUR`
--

LOCK TABLES `INDICATEUR` WRITE;
/*!40000 ALTER TABLE `INDICATEUR` DISABLE KEYS */;
/*!40000 ALTER TABLE `INDICATEUR` ENABLE KEYS */;
UNLOCK TABLES;

--
-- Table structure for table `INDICATEUR_BANQUE`
--

DROP TABLE IF EXISTS `INDICATEUR_BANQUE`;
/*!40101 SET @saved_cs_client     = @@character_set_client */;
/*!40101 SET character_set_client = utf8 */;
CREATE TABLE `INDICATEUR_BANQUE` (
  `INDICATEUR_ID` int(10) NOT NULL DEFAULT '0',
  `BANQUE_ID` int(10) NOT NULL DEFAULT '0',
  PRIMARY KEY (`INDICATEUR_ID`,`BANQUE_ID`),
  KEY `FK_INDICATEUR_BANQUE_BANQUE_ID` (`BANQUE_ID`),
  CONSTRAINT `FK_INDICATEUR_BANQUE_BANQUE_ID` FOREIGN KEY (`BANQUE_ID`) REFERENCES `BANQUE` (`BANQUE_ID`),
  CONSTRAINT `FK_INDICATEUR_BANQUE_INDICATEUR_ID` FOREIGN KEY (`INDICATEUR_ID`) REFERENCES `INDICATEUR` (`INDICATEUR_ID`)
) ENGINE=InnoDB DEFAULT CHARSET=utf8;
/*!40101 SET character_set_client = @saved_cs_client */;

--
-- Dumping data for table `INDICATEUR_BANQUE`
--

LOCK TABLES `INDICATEUR_BANQUE` WRITE;
/*!40000 ALTER TABLE `INDICATEUR_BANQUE` DISABLE KEYS */;
/*!40000 ALTER TABLE `INDICATEUR_BANQUE` ENABLE KEYS */;
UNLOCK TABLES;

--
-- Table structure for table `INDICATEUR_PLATEFORME`
--

DROP TABLE IF EXISTS `INDICATEUR_PLATEFORME`;
/*!40101 SET @saved_cs_client     = @@character_set_client */;
/*!40101 SET character_set_client = utf8 */;
CREATE TABLE `INDICATEUR_PLATEFORME` (
  `INDICATEUR_ID` int(10) NOT NULL DEFAULT '0',
  `PLATEFORME_ID` int(10) NOT NULL DEFAULT '0',
  PRIMARY KEY (`INDICATEUR_ID`,`PLATEFORME_ID`),
  KEY `FK_INDICATEUR_PLATEFORME_PLATEFORME_ID` (`PLATEFORME_ID`),
  CONSTRAINT `FK_INDICATEUR_PLATEFORME_INDICATEUR_ID` FOREIGN KEY (`INDICATEUR_ID`) REFERENCES `INDICATEUR` (`INDICATEUR_ID`),
  CONSTRAINT `FK_INDICATEUR_PLATEFORME_PLATEFORME_ID` FOREIGN KEY (`PLATEFORME_ID`) REFERENCES `PLATEFORME` (`PLATEFORME_ID`)
) ENGINE=InnoDB DEFAULT CHARSET=utf8;
/*!40101 SET character_set_client = @saved_cs_client */;

--
-- Dumping data for table `INDICATEUR_PLATEFORME`
--

LOCK TABLES `INDICATEUR_PLATEFORME` WRITE;
/*!40000 ALTER TABLE `INDICATEUR_PLATEFORME` DISABLE KEYS */;
/*!40000 ALTER TABLE `INDICATEUR_PLATEFORME` ENABLE KEYS */;
UNLOCK TABLES;

--
-- Table structure for table `INDICATEUR_REQUETE`
--

DROP TABLE IF EXISTS `INDICATEUR_REQUETE`;
/*!40101 SET @saved_cs_client     = @@character_set_client */;
/*!40101 SET character_set_client = utf8 */;
CREATE TABLE `INDICATEUR_REQUETE` (
  `INDICATEUR_ID` int(10) NOT NULL DEFAULT '0',
  `REQUETE_ID` int(10) NOT NULL DEFAULT '0',
  PRIMARY KEY (`INDICATEUR_ID`,`REQUETE_ID`),
  CONSTRAINT `FK_INDICATEUR_REQUETE_INDICATEUR_ID` FOREIGN KEY (`INDICATEUR_ID`) REFERENCES `INDICATEUR` (`INDICATEUR_ID`)
) ENGINE=InnoDB DEFAULT CHARSET=utf8;
/*!40101 SET character_set_client = @saved_cs_client */;

--
-- Dumping data for table `INDICATEUR_REQUETE`
--

LOCK TABLES `INDICATEUR_REQUETE` WRITE;
/*!40000 ALTER TABLE `INDICATEUR_REQUETE` DISABLE KEYS */;
/*!40000 ALTER TABLE `INDICATEUR_REQUETE` ENABLE KEYS */;
UNLOCK TABLES;

--
-- Table structure for table `INDICATEUR_SQL`
--

DROP TABLE IF EXISTS `INDICATEUR_SQL`;
/*!40101 SET @saved_cs_client     = @@character_set_client */;
/*!40101 SET character_set_client = utf8 */;
CREATE TABLE `INDICATEUR_SQL` (
  `INDICATEUR_ID` int(10) NOT NULL DEFAULT '0',
  `SQL_ID` int(10) NOT NULL DEFAULT '0',
  PRIMARY KEY (`INDICATEUR_ID`,`SQL_ID`),
  CONSTRAINT `FK_INDICATEUR_SQL_INDICATEUR_ID` FOREIGN KEY (`INDICATEUR_ID`) REFERENCES `INDICATEUR` (`INDICATEUR_ID`)
) ENGINE=InnoDB DEFAULT CHARSET=utf8;
/*!40101 SET character_set_client = @saved_cs_client */;

--
-- Dumping data for table `INDICATEUR_SQL`
--

LOCK TABLES `INDICATEUR_SQL` WRITE;
/*!40000 ALTER TABLE `INDICATEUR_SQL` DISABLE KEYS */;
/*!40000 ALTER TABLE `INDICATEUR_SQL` ENABLE KEYS */;
UNLOCK TABLES;

--
-- Table structure for table `ITEM`
--

DROP TABLE IF EXISTS `ITEM`;
/*!40101 SET @saved_cs_client     = @@character_set_client */;
/*!40101 SET character_set_client = utf8 */;
CREATE TABLE `ITEM` (
  `ITEM_ID` int(10) NOT NULL,
  `LABEL` varchar(100) NOT NULL DEFAULT '',
  `VALEUR` varchar(100) DEFAULT NULL,
  `CHAMP_ANNOTATION_ID` int(10) NOT NULL DEFAULT '0',
  `PLATEFORME_ID` int(10) DEFAULT NULL,
  PRIMARY KEY (`ITEM_ID`),
  KEY `FK_ITEM_CHAMP_ANNOTATION_ID` (`CHAMP_ANNOTATION_ID`),
  KEY `FK_ITEM_PLATEFORME_ID` (`PLATEFORME_ID`),
  CONSTRAINT `FK_ITEM_CHAMP_ANNOTATION_ID` FOREIGN KEY (`CHAMP_ANNOTATION_ID`) REFERENCES `CHAMP_ANNOTATION` (`CHAMP_ANNOTATION_ID`),
  CONSTRAINT `FK_ITEM_PLATEFORME_ID` FOREIGN KEY (`PLATEFORME_ID`) REFERENCES `PLATEFORME` (`PLATEFORME_ID`)
) ENGINE=InnoDB DEFAULT CHARSET=utf8;
/*!40101 SET character_set_client = @saved_cs_client */;

--
-- Dumping data for table `ITEM`
--

LOCK TABLES `ITEM` WRITE;
/*!40000 ALTER TABLE `ITEM` DISABLE KEYS */;
INSERT INTO `ITEM` VALUES (1,'item1-1','value1',11,1),(2,'item2-1',NULL,11,1),(3,'item3-1','value3',11,2),(4,'item1-2',NULL,12,NULL),(5,'item2-2','value4',12,NULL),(6,'item3-2-max','value5',12,NULL),(7,'1 : cancer (en rapport avec CIM10)','1',26,NULL),(8,'2 : iatrogène','2',26,NULL),(9,'3 : maladie intercurrente','3',26,NULL),(10,'4 : autre cancer (sans rapport avec CIM 10)','4',26,NULL),(11,'5 : autre','5',26,NULL),(12,'X','X',27,NULL),(13,'4','4',27,NULL),(14,'5','5',27,NULL),(15,'6','6',27,NULL),(16,'7','7',27,NULL),(17,'X','X',28,NULL),(18,'0','0',28,NULL),(19,'is','is',28,NULL),(20,'1','1',28,NULL),(21,'1a','1a',28,NULL),(22,'1b','1b',28,NULL),(23,'2','2',28,NULL),(24,'2a','2a',28,NULL),(25,'2b','2b',28,NULL),(26,'3','3',28,NULL),(27,'3a','3a',28,NULL),(28,'3b','3b',28,NULL),(29,'4','4',28,NULL),(30,'Z','Z',28,NULL),(31,'X','X',29,NULL),(32,'0','0',29,NULL),(33,'1','1',29,NULL),(34,'2','2',29,NULL),(35,'3','3',29,NULL),(36,'Z','Z',29,NULL),(37,'X','X',30,NULL),(38,'0','0',30,NULL),(39,'1','1',30,NULL),(40,'1a','1a',30,NULL),(41,'1b','1b',30,NULL),(42,'Z','Z',30,NULL),(43,'1: tumeur primitive','1',31,NULL),(44,'2: récidive','2',31,NULL),(45,'3: métastase','3',31,NULL),(46,'4: transformation','4',31,NULL),(47,'5: rémission','5',31,NULL),(48,'9: inconnu','9',31,NULL),(49,'X','X',32,NULL),(50,'4','4',32,NULL),(51,'5','5',32,NULL),(52,'6','6',32,NULL),(53,'7','7',32,NULL),(54,'X','X',33,NULL),(55,'0','0',33,NULL),(56,'is','is',33,NULL),(57,'1','1',33,NULL),(58,'1a','1a',33,NULL),(59,'1b','1b',33,NULL),(60,'2','2',33,NULL),(61,'2a','2a',33,NULL),(62,'2b','2b',33,NULL),(63,'3','3',33,NULL),(64,'3a','3a',33,NULL),(65,'3b','3b',33,NULL),(66,'4','4',33,NULL),(67,'Z','Z',33,NULL),(68,'X','X',34,NULL),(69,'0','0',34,NULL),(70,'1','1',34,NULL),(71,'2','2',34,NULL),(72,'3','3',34,NULL),(73,'Z','Z',34,NULL),(74,'X','X',35,NULL),(75,'0','0',35,NULL),(76,'1','1',35,NULL),(77,'1a','1a',35,NULL),(78,'1b','1b',35,NULL),(79,'Z','Z',35,NULL),(80,'Coupe','1',40,NULL),(81,'Bloc paraffine miroir','2',40,NULL),(82,'Empreinte','3',40,NULL),(83,'CMF','4',40,NULL),(84,'Contrôle sortie','5',40,NULL),(85,'Inconnu','9',40,NULL),(86,'X','X',45,NULL),(87,'0','0',45,NULL);
/*!40000 ALTER TABLE `ITEM` ENABLE KEYS */;
UNLOCK TABLES;

--
-- Table structure for table `LABO_INTER`
--

DROP TABLE IF EXISTS `LABO_INTER`;
/*!40101 SET @saved_cs_client     = @@character_set_client */;
/*!40101 SET character_set_client = utf8 */;
CREATE TABLE `LABO_INTER` (
  `LABO_INTER_ID` int(10) NOT NULL DEFAULT '0',
  `PRELEVEMENT_ID` int(10) NOT NULL DEFAULT '0',
  `ORDRE` int(2) NOT NULL DEFAULT '1',
  `SERVICE_ID` int(10) DEFAULT NULL,
  `DATE_ARRIVEE` datetime DEFAULT NULL,
  `CONSERV_TEMP` float DEFAULT NULL,
  `STERILE` tinyint(1) DEFAULT NULL,
  `CONGELATION` tinyint(1) DEFAULT NULL,
  `TRANSPORT_TEMP` float DEFAULT NULL,
  `DATE_DEPART` datetime DEFAULT NULL,
  `COLLABORATEUR_ID` int(10) DEFAULT NULL,
  `TRANSPORTEUR_ID` int(10) DEFAULT NULL,
  PRIMARY KEY (`LABO_INTER_ID`),
  KEY `FK_LABO_INTER_PRELEVEMENT_ID` (`PRELEVEMENT_ID`),
  KEY `FK_LABO_INTER_COLLABORATEUR_ID` (`COLLABORATEUR_ID`),
  KEY `FK_LABO_INTER_TRANSPORTEUR_ID` (`TRANSPORTEUR_ID`),
  KEY `FK_LABO_INTER_SERVICE_ID` (`SERVICE_ID`),
  CONSTRAINT `FK_LABO_INTER_COLLABORATEUR_ID` FOREIGN KEY (`COLLABORATEUR_ID`) REFERENCES `COLLABORATEUR` (`COLLABORATEUR_ID`),
  CONSTRAINT `FK_LABO_INTER_PRELEVEMENT_ID` FOREIGN KEY (`PRELEVEMENT_ID`) REFERENCES `PRELEVEMENT` (`PRELEVEMENT_ID`),
  CONSTRAINT `FK_LABO_INTER_SERVICE_ID` FOREIGN KEY (`SERVICE_ID`) REFERENCES `SERVICE` (`SERVICE_ID`),
  CONSTRAINT `FK_LABO_INTER_TRANSPORTEUR_ID` FOREIGN KEY (`TRANSPORTEUR_ID`) REFERENCES `TRANSPORTEUR` (`TRANSPORTEUR_ID`)
) ENGINE=InnoDB DEFAULT CHARSET=utf8;
/*!40101 SET character_set_client = @saved_cs_client */;

--
-- Dumping data for table `LABO_INTER`
--

LOCK TABLES `LABO_INTER` WRITE;
/*!40000 ALTER TABLE `LABO_INTER` DISABLE KEYS */;
INSERT INTO `LABO_INTER` VALUES (1,1,1,2,'2000-10-10 12:10:05',-10.5,1,0,-5.4,'2000-10-12 13:56:45',2,1),(2,1,2,3,'2000-10-12 14:00:00',-8.5,0,1,-0.5,'2000-10-21 19:43:12',2,1),(3,1,3,1,'2000-10-23 14:00:00',-8.5,0,NULL,-0.5,'2000-10-25 19:43:12',2,3);
/*!40000 ALTER TABLE `LABO_INTER` ENABLE KEYS */;
UNLOCK TABLES;

--
-- Table structure for table `LIEN_FAMILIAL`
--

DROP TABLE IF EXISTS `LIEN_FAMILIAL`;
/*!40101 SET @saved_cs_client     = @@character_set_client */;
/*!40101 SET character_set_client = utf8 */;
CREATE TABLE `LIEN_FAMILIAL` (
  `LIEN_FAMILIAL_ID` int(2) NOT NULL DEFAULT '0',
  `NOM` char(20) NOT NULL DEFAULT '',
  `RECIPROQUE_ID` int(2) DEFAULT NULL,
  `ASCENDANT` tinyint(1) DEFAULT NULL,
  PRIMARY KEY (`LIEN_FAMILIAL_ID`)
) ENGINE=InnoDB DEFAULT CHARSET=utf8;
/*!40101 SET character_set_client = @saved_cs_client */;

--
-- Dumping data for table `LIEN_FAMILIAL`
--

LOCK TABLES `LIEN_FAMILIAL` WRITE;
/*!40000 ALTER TABLE `LIEN_FAMILIAL` DISABLE KEYS */;
INSERT INTO `LIEN_FAMILIAL` VALUES (1,'Pere-Fille',2,0),(2,'Fille-Pere',1,1),(3,'Tante-Neveu',4,0),(4,'Neveu-Tante',3,1),(5,'Frere-Soeur',6,NULL),(6,'Soeur-Frere',5,NULL);
/*!40000 ALTER TABLE `LIEN_FAMILIAL` ENABLE KEYS */;
UNLOCK TABLES;

--
-- Table structure for table `LIGNE_ETIQUETTE`
--

DROP TABLE IF EXISTS `LIGNE_ETIQUETTE`;
/*!40101 SET @saved_cs_client     = @@character_set_client */;
/*!40101 SET character_set_client = utf8 */;
CREATE TABLE `LIGNE_ETIQUETTE` (
  `LIGNE_ETIQUETTE_ID` int(10) NOT NULL,
  `MODELE_ID` int(10) NOT NULL,
  `ORDRE` int(2) NOT NULL,
  `IS_BARCODE` tinyint(1) DEFAULT NULL,
  `ENTETE` varchar(25) DEFAULT NULL,
  `CONTENU` varchar(50) DEFAULT NULL,
  `FONT` varchar(25) DEFAULT NULL,
  `STYLE` varchar(25) DEFAULT NULL,
  `FONT_SIZE` int(2) DEFAULT NULL,
  PRIMARY KEY (`LIGNE_ETIQUETTE_ID`),
  KEY `FK_LIGNE_ETIQUETTE_MODELE` (`MODELE_ID`),
  CONSTRAINT `FK_LIGNE_ETIQUETTE_MODELE` FOREIGN KEY (`MODELE_ID`) REFERENCES `MODELE` (`MODELE_ID`)
) ENGINE=InnoDB DEFAULT CHARSET=utf8;
/*!40101 SET character_set_client = @saved_cs_client */;

--
-- Dumping data for table `LIGNE_ETIQUETTE`
--

LOCK TABLES `LIGNE_ETIQUETTE` WRITE;
/*!40000 ALTER TABLE `LIGNE_ETIQUETTE` DISABLE KEYS */;
INSERT INTO `LIGNE_ETIQUETTE` VALUES (1,2,1,1,NULL,NULL,NULL,NULL,NULL),(2,2,2,0,'Prel :',NULL,'Times New Roman','BOLD',6),(3,2,3,0,'Tube :',NULL,'Times New Roman','BOLD',6),(4,2,4,0,'Pat :',NULL,'Times New Roman','PLAIN',4),(5,2,5,0,'Date :',NULL,'Times New Roman','PLAIN',4),(6,2,6,0,'Qte :',NULL,'Times New Roman','PLAIN',4),(7,2,7,0,NULL,'TumoroteK','Times New Roman','ITALIC',6);
/*!40000 ALTER TABLE `LIGNE_ETIQUETTE` ENABLE KEYS */;
UNLOCK TABLES;

--
-- Table structure for table `MALADIE`
--

DROP TABLE IF EXISTS `MALADIE`;
/*!40101 SET @saved_cs_client     = @@character_set_client */;
/*!40101 SET character_set_client = utf8 */;
CREATE TABLE `MALADIE` (
  `MALADIE_ID` int(10) NOT NULL DEFAULT '0',
  `PATIENT_ID` int(10) NOT NULL DEFAULT '0',
  `LIBELLE` varchar(300) NOT NULL DEFAULT 'Inconnu',
  `CODE` varchar(50) DEFAULT NULL,
  `DATE_DIAGNOSTIC` date DEFAULT NULL,
  `DATE_DEBUT` date DEFAULT NULL,
  `SYSTEME_DEFAUT` tinyint(1) NOT NULL DEFAULT '0',
  PRIMARY KEY (`MALADIE_ID`),
  KEY `FK_MALADIE_PATIENT_ID` (`PATIENT_ID`),
  CONSTRAINT `FK_MALADIE_PATIENT_ID` FOREIGN KEY (`PATIENT_ID`) REFERENCES `PATIENT` (`PATIENT_ID`)
) ENGINE=InnoDB DEFAULT CHARSET=utf8;
/*!40101 SET character_set_client = @saved_cs_client */;

--
-- Dumping data for table `MALADIE`
--

LOCK TABLES `MALADIE` WRITE;
/*!40000 ALTER TABLE `MALADIE` DISABLE KEYS */;
INSERT INTO `MALADIE` VALUES (1,1,'Non precise',NULL,NULL,NULL,0),(2,1,'Fracture',NULL,'2006-12-03','2006-12-03',0),(3,3,'Addiction coco','12.56','2009-06-03','2000-08-13',0),(4,3,'Addiction medocs','C45.3','2009-12-13',NULL,0),(5,4,'Cancer prostate','C34.5','2009-06-03','2008-11-13',0),(6,3,'BANQUE3-defaut',NULL,NULL,NULL,1);
/*!40000 ALTER TABLE `MALADIE` ENABLE KEYS */;
UNLOCK TABLES;

--
-- Table structure for table `MALADIE_DELEGATE`
--

DROP TABLE IF EXISTS `MALADIE_DELEGATE`;
/*!40101 SET @saved_cs_client     = @@character_set_client */;
/*!40101 SET character_set_client = utf8 */;
CREATE TABLE `MALADIE_DELEGATE` (
  `MALADIE_DELEGATE_ID` int(10) NOT NULL,
  `MALADIE_ID` int(10) NOT NULL,
  `CONTEXTE_ID` int(2) NOT NULL,
  PRIMARY KEY (`MALADIE_DELEGATE_ID`),
  UNIQUE KEY `MALADIE_ID` (`MALADIE_ID`),
  KEY `FK_MALADIE_DEL_CONTEXTE_ID` (`CONTEXTE_ID`),
  CONSTRAINT `FK_MALADIE_DEL_CONTEXTE_ID` FOREIGN KEY (`CONTEXTE_ID`) REFERENCES `CONTEXTE` (`CONTEXTE_ID`),
  CONSTRAINT `FK_MALADIE_DEL_MALADIE_ID` FOREIGN KEY (`MALADIE_ID`) REFERENCES `MALADIE` (`MALADIE_ID`)
) ENGINE=InnoDB DEFAULT CHARSET=latin1;
/*!40101 SET character_set_client = @saved_cs_client */;

--
-- Dumping data for table `MALADIE_DELEGATE`
--

LOCK TABLES `MALADIE_DELEGATE` WRITE;
/*!40000 ALTER TABLE `MALADIE_DELEGATE` DISABLE KEYS */;
INSERT INTO `MALADIE_DELEGATE` VALUES (1,4,1),(2,3,1),(3,1,2);
/*!40000 ALTER TABLE `MALADIE_DELEGATE` ENABLE KEYS */;
UNLOCK TABLES;

--
-- Table structure for table `MALADIE_MEDECIN`
--

DROP TABLE IF EXISTS `MALADIE_MEDECIN`;
/*!40101 SET @saved_cs_client     = @@character_set_client */;
/*!40101 SET character_set_client = utf8 */;
CREATE TABLE `MALADIE_MEDECIN` (
  `MALADIE_ID` int(10) NOT NULL DEFAULT '0',
  `COLLABORATEUR_ID` int(10) NOT NULL DEFAULT '0',
  PRIMARY KEY (`MALADIE_ID`,`COLLABORATEUR_ID`),
  KEY `FK_MALADIE_MEDECIN_COLLABORATEUR_ID` (`COLLABORATEUR_ID`),
  CONSTRAINT `FK_MALADIE_MEDECIN_COLLABORATEUR_ID` FOREIGN KEY (`COLLABORATEUR_ID`) REFERENCES `COLLABORATEUR` (`COLLABORATEUR_ID`),
  CONSTRAINT `FK_MALADIE_MEDECIN_MALADIE_ID` FOREIGN KEY (`MALADIE_ID`) REFERENCES `MALADIE` (`MALADIE_ID`)
) ENGINE=InnoDB DEFAULT CHARSET=utf8;
/*!40101 SET character_set_client = @saved_cs_client */;

--
-- Dumping data for table `MALADIE_MEDECIN`
--

LOCK TABLES `MALADIE_MEDECIN` WRITE;
/*!40000 ALTER TABLE `MALADIE_MEDECIN` DISABLE KEYS */;
INSERT INTO `MALADIE_MEDECIN` VALUES (1,1),(1,2);
/*!40000 ALTER TABLE `MALADIE_MEDECIN` ENABLE KEYS */;
UNLOCK TABLES;

--
-- Table structure for table `MALADIE_SERO`
--

DROP TABLE IF EXISTS `MALADIE_SERO`;
/*!40101 SET @saved_cs_client     = @@character_set_client */;
/*!40101 SET character_set_client = utf8 */;
CREATE TABLE `MALADIE_SERO` (
  `MALADIE_DELEGATE_ID` int(10) NOT NULL,
  `DIAGNOSTIC` char(1) NOT NULL,
  PRIMARY KEY (`MALADIE_DELEGATE_ID`),
  CONSTRAINT `FK_MAL_SERO_MAL_DEL_ID` FOREIGN KEY (`MALADIE_DELEGATE_ID`) REFERENCES `MALADIE_DELEGATE` (`MALADIE_DELEGATE_ID`)
) ENGINE=InnoDB DEFAULT CHARSET=latin1;
/*!40101 SET character_set_client = @saved_cs_client */;

--
-- Dumping data for table `MALADIE_SERO`
--

LOCK TABLES `MALADIE_SERO` WRITE;
/*!40000 ALTER TABLE `MALADIE_SERO` DISABLE KEYS */;
INSERT INTO `MALADIE_SERO` VALUES (1,'C'),(2,'P'),(3,'S');
/*!40000 ALTER TABLE `MALADIE_SERO` ENABLE KEYS */;
UNLOCK TABLES;

--
-- Table structure for table `MESSAGE`
--

DROP TABLE IF EXISTS `MESSAGE`;
/*!40101 SET @saved_cs_client     = @@character_set_client */;
/*!40101 SET character_set_client = utf8 */;
CREATE TABLE `MESSAGE` (
  `MESSAGE_ID` int(10) NOT NULL DEFAULT '0',
  `OBJET` varchar(100) NOT NULL DEFAULT '',
  `TEXTE` text,
  `DESTINATAIRE_ID` int(10) NOT NULL DEFAULT '0',
  `EXPEDITEUR_ID` int(10) NOT NULL DEFAULT '0',
  `IMPORTANCE` int(1) DEFAULT NULL,
  PRIMARY KEY (`MESSAGE_ID`),
  KEY `FK_MESSAGE_DESTINATAIRE_ID` (`DESTINATAIRE_ID`),
  KEY `FK_MESSAGE_EXPEDITEUR_ID` (`EXPEDITEUR_ID`),
  CONSTRAINT `FK_MESSAGE_DESTINATAIRE_ID` FOREIGN KEY (`DESTINATAIRE_ID`) REFERENCES `UTILISATEUR` (`UTILISATEUR_ID`),
  CONSTRAINT `FK_MESSAGE_EXPEDITEUR_ID` FOREIGN KEY (`EXPEDITEUR_ID`) REFERENCES `UTILISATEUR` (`UTILISATEUR_ID`)
) ENGINE=InnoDB DEFAULT CHARSET=utf8;
/*!40101 SET character_set_client = @saved_cs_client */;

--
-- Dumping data for table `MESSAGE`
--

LOCK TABLES `MESSAGE` WRITE;
/*!40000 ALTER TABLE `MESSAGE` DISABLE KEYS */;
/*!40000 ALTER TABLE `MESSAGE` ENABLE KEYS */;
UNLOCK TABLES;

--
-- Table structure for table `MODELE`
--

DROP TABLE IF EXISTS `MODELE`;
/*!40101 SET @saved_cs_client     = @@character_set_client */;
/*!40101 SET character_set_client = utf8 */;
CREATE TABLE `MODELE` (
  `MODELE_ID` int(3) NOT NULL DEFAULT '0',
  `NOM` varchar(25) NOT NULL DEFAULT '',
  `MODELE_TYPE_ID` int(2) NOT NULL DEFAULT '0',
  `PLATEFORME_ID` int(2) NOT NULL DEFAULT '1',
  `TEXTE_LIBRE` varchar(20) DEFAULT NULL,
  `IS_DEFAULT` tinyint(1) NOT NULL DEFAULT '1',
  `IS_QRCODE` tinyint(1) NOT NULL DEFAULT '0',
  PRIMARY KEY (`MODELE_ID`),
  KEY `FK_MODELE_MODELE_TYPE_ID` (`MODELE_TYPE_ID`),
  KEY `FK_MODELE_PLATEFORME_ID` (`PLATEFORME_ID`),
  CONSTRAINT `FK_MODELE_MODELE_TYPE_ID` FOREIGN KEY (`MODELE_TYPE_ID`) REFERENCES `MODELE_TYPE` (`MODELE_TYPE_ID`),
  CONSTRAINT `FK_MODELE_PLATEFORME_ID` FOREIGN KEY (`PLATEFORME_ID`) REFERENCES `PLATEFORME` (`PLATEFORME_ID`)
) ENGINE=InnoDB DEFAULT CHARSET=utf8;
/*!40101 SET character_set_client = @saved_cs_client */;

--
-- Dumping data for table `MODELE`
--

LOCK TABLES `MODELE` WRITE;
/*!40000 ALTER TABLE `MODELE` DISABLE KEYS */;
INSERT INTO `MODELE` VALUES (1,'NBT',1,1,'NeuroBioTec',1,0),(2,'CHLS',1,1,'Tumorothèque CHLS',0,0),(3,'LVS',2,1,'Livraison TK',1,0);
/*!40000 ALTER TABLE `MODELE` ENABLE KEYS */;
UNLOCK TABLES;

--
-- Table structure for table `MODELE_TYPE`
--

DROP TABLE IF EXISTS `MODELE_TYPE`;
/*!40101 SET @saved_cs_client     = @@character_set_client */;
/*!40101 SET character_set_client = utf8 */;
CREATE TABLE `MODELE_TYPE` (
  `MODELE_TYPE_ID` int(2) NOT NULL DEFAULT '0',
  `TYPE` char(15) NOT NULL DEFAULT '',
  PRIMARY KEY (`MODELE_TYPE_ID`)
) ENGINE=InnoDB DEFAULT CHARSET=utf8;
/*!40101 SET character_set_client = @saved_cs_client */;

--
-- Dumping data for table `MODELE_TYPE`
--

LOCK TABLES `MODELE_TYPE` WRITE;
/*!40000 ALTER TABLE `MODELE_TYPE` DISABLE KEYS */;
INSERT INTO `MODELE_TYPE` VALUES (1,'Etiquettes'),(2,'Livraison');
/*!40000 ALTER TABLE `MODELE_TYPE` ENABLE KEYS */;
UNLOCK TABLES;

--
-- Table structure for table `MODE_PREPA`
--

DROP TABLE IF EXISTS `MODE_PREPA`;
/*!40101 SET @saved_cs_client     = @@character_set_client */;
/*!40101 SET character_set_client = utf8 */;
CREATE TABLE `MODE_PREPA` (
  `MODE_PREPA_ID` int(3) NOT NULL DEFAULT '0',
  `NOM` varchar(200) NOT NULL,
  `NOM_EN` varchar(25) DEFAULT NULL,
  `PLATEFORME_ID` int(10) NOT NULL,
  PRIMARY KEY (`MODE_PREPA_ID`),
  KEY `FK_MODE_PREPA_PLATEFORME_ID` (`PLATEFORME_ID`),
  CONSTRAINT `FK_MODE_PREPA_PLATEFORME_ID` FOREIGN KEY (`PLATEFORME_ID`) REFERENCES `PLATEFORME` (`PLATEFORME_ID`)
) ENGINE=InnoDB DEFAULT CHARSET=utf8;
/*!40101 SET character_set_client = @saved_cs_client */;

--
-- Dumping data for table `MODE_PREPA`
--

LOCK TABLES `MODE_PREPA` WRITE;
/*!40000 ALTER TABLE `MODE_PREPA` DISABLE KEYS */;
INSERT INTO `MODE_PREPA` VALUES (1,'PREPA1','PREPA_EN1',1),(2,'PREPA2','PREPA_EN2',1),(3,'PREPA3','PREPA_EN3',1),(4,'PREPA4','PREPA_EN4',2);
/*!40000 ALTER TABLE `MODE_PREPA` ENABLE KEYS */;
UNLOCK TABLES;

--
-- Table structure for table `MODE_PREPA_DERIVE`
--

DROP TABLE IF EXISTS `MODE_PREPA_DERIVE`;
/*!40101 SET @saved_cs_client     = @@character_set_client */;
/*!40101 SET character_set_client = utf8 */;
CREATE TABLE `MODE_PREPA_DERIVE` (
  `MODE_PREPA_DERIVE_ID` int(3) NOT NULL,
  `NOM` varchar(200) NOT NULL,
  `NOM_EN` varchar(25) DEFAULT NULL,
  `PLATEFORME_ID` int(10) NOT NULL,
  PRIMARY KEY (`MODE_PREPA_DERIVE_ID`),
  KEY `FK_MODE_PREPA_DERIVE_PLATEFORME_ID` (`PLATEFORME_ID`),
  CONSTRAINT `FK_MODE_PREPA_DERIVE_PLATEFORME_ID` FOREIGN KEY (`PLATEFORME_ID`) REFERENCES `PLATEFORME` (`PLATEFORME_ID`)
) ENGINE=InnoDB DEFAULT CHARSET=utf8;
/*!40101 SET character_set_client = @saved_cs_client */;

--
-- Dumping data for table `MODE_PREPA_DERIVE`
--

LOCK TABLES `MODE_PREPA_DERIVE` WRITE;
/*!40000 ALTER TABLE `MODE_PREPA_DERIVE` DISABLE KEYS */;
INSERT INTO `MODE_PREPA_DERIVE` VALUES (1,'PREPA1_DERIVE','PREPA_EN1_DERIVE',1),(2,'PREPA2_DERIVE','PREPA_EN2_DERIVE',1),(3,'PREPA3_DERIVE','PREPA_EN3_DERIVE',1),(4,'PREPA4_DERIVE','PREPA_EN4_DERIVE',2);
/*!40000 ALTER TABLE `MODE_PREPA_DERIVE` ENABLE KEYS */;
UNLOCK TABLES;

--
-- Table structure for table `NATURE`
--

DROP TABLE IF EXISTS `NATURE`;
/*!40101 SET @saved_cs_client     = @@character_set_client */;
/*!40101 SET character_set_client = utf8 */;
CREATE TABLE `NATURE` (
  `NATURE_ID` int(10) NOT NULL DEFAULT '0',
  `NATURE` varchar(200) NOT NULL,
  `PLATEFORME_ID` int(10) NOT NULL,
  PRIMARY KEY (`NATURE_ID`),
  KEY `FK_NATURE_PLATEFORME_ID` (`PLATEFORME_ID`),
  CONSTRAINT `FK_NATURE_PLATEFORME_ID` FOREIGN KEY (`PLATEFORME_ID`) REFERENCES `PLATEFORME` (`PLATEFORME_ID`)
) ENGINE=InnoDB DEFAULT CHARSET=utf8;
/*!40101 SET character_set_client = @saved_cs_client */;

--
-- Dumping data for table `NATURE`
--

LOCK TABLES `NATURE` WRITE;
/*!40000 ALTER TABLE `NATURE` DISABLE KEYS */;
INSERT INTO `NATURE` VALUES (1,'TISSU',1),(2,'SANG',1),(3,'LIQUIDE D\'ASCITE',1),(4,'LCR',2);
/*!40000 ALTER TABLE `NATURE` ENABLE KEYS */;
UNLOCK TABLES;

--
-- Table structure for table `NON_CONFORMITE`
--

DROP TABLE IF EXISTS `NON_CONFORMITE`;
/*!40101 SET @saved_cs_client     = @@character_set_client */;
/*!40101 SET character_set_client = utf8 */;
CREATE TABLE `NON_CONFORMITE` (
  `NON_CONFORMITE_ID` int(10) NOT NULL,
  `CONFORMITE_TYPE_ID` int(5) NOT NULL,
  `PLATEFORME_ID` int(10) NOT NULL,
  `NOM` varchar(200) NOT NULL,
  PRIMARY KEY (`NON_CONFORMITE_ID`),
  KEY `FK_NON_CONFORMITE_CONFORMITE_TYPE_ID` (`CONFORMITE_TYPE_ID`),
  KEY `FK_NON_CONFORMITE_PLATEFORME_ID` (`PLATEFORME_ID`),
  CONSTRAINT `FK_NON_CONFORMITE_CONFORMITE_TYPE_ID` FOREIGN KEY (`CONFORMITE_TYPE_ID`) REFERENCES `CONFORMITE_TYPE` (`CONFORMITE_TYPE_ID`),
  CONSTRAINT `FK_NON_CONFORMITE_PLATEFORME_ID` FOREIGN KEY (`PLATEFORME_ID`) REFERENCES `PLATEFORME` (`PLATEFORME_ID`)
) ENGINE=InnoDB DEFAULT CHARSET=utf8;
/*!40101 SET character_set_client = @saved_cs_client */;

--
-- Dumping data for table `NON_CONFORMITE`
--

LOCK TABLES `NON_CONFORMITE` WRITE;
/*!40000 ALTER TABLE `NON_CONFORMITE` DISABLE KEYS */;
INSERT INTO `NON_CONFORMITE` VALUES (1,1,1,'Problème livraison'),(2,1,1,'Erreur dossier'),(3,1,2,'Inconnu'),(4,2,1,'Problème lors du traitement'),(5,2,1,'Echantillon non stérile'),(6,3,1,'Non cédable'),(7,3,1,'Non conforme pour cession');
/*!40000 ALTER TABLE `NON_CONFORMITE` ENABLE KEYS */;
UNLOCK TABLES;

--
-- Table structure for table `NUMEROTATION`
--

DROP TABLE IF EXISTS `NUMEROTATION`;
/*!40101 SET @saved_cs_client     = @@character_set_client */;
/*!40101 SET character_set_client = utf8 */;
CREATE TABLE `NUMEROTATION` (
  `NUMEROTATION_ID` int(10) NOT NULL DEFAULT '0',
  `BANQUE_ID` int(10) NOT NULL DEFAULT '0',
  `ENTITE_ID` int(2) NOT NULL DEFAULT '2',
  `CODE_FORMULA` varchar(25) NOT NULL DEFAULT '',
  `CURRENT_INCREMENT` int(5) NOT NULL DEFAULT '0',
  `START_INCREMENT` int(5) DEFAULT '0',
  `NB_CHIFFRES` tinyint(2) DEFAULT '5',
  `ZERO_FILL` tinyint(1) DEFAULT '1',
  PRIMARY KEY (`NUMEROTATION_ID`),
  KEY `FK_NUMEROTATION_ENTITE_ID` (`ENTITE_ID`),
  KEY `FK_NUMEROTATION_BANQUE_ID` (`BANQUE_ID`),
  CONSTRAINT `FK_NUMEROTATION_BANQUE_ID` FOREIGN KEY (`BANQUE_ID`) REFERENCES `BANQUE` (`BANQUE_ID`),
  CONSTRAINT `FK_NUMEROTATION_ENTITE_ID` FOREIGN KEY (`ENTITE_ID`) REFERENCES `ENTITE` (`ENTITE_ID`)
) ENGINE=InnoDB DEFAULT CHARSET=utf8;
/*!40101 SET character_set_client = @saved_cs_client */;

--
-- Dumping data for table `NUMEROTATION`
--

LOCK TABLES `NUMEROTATION` WRITE;
/*!40000 ALTER TABLE `NUMEROTATION` DISABLE KEYS */;
INSERT INTO `NUMEROTATION` VALUES (1,1,2,'PRLVT[]',3,1,5,1),(2,1,5,'CONT[]TK',152,1,5,1),(3,2,3,'[]BK2',15,1,6,0);
/*!40000 ALTER TABLE `NUMEROTATION` ENABLE KEYS */;
UNLOCK TABLES;

--
-- Table structure for table `OBJET_NON_CONFORME`
--

DROP TABLE IF EXISTS `OBJET_NON_CONFORME`;
/*!40101 SET @saved_cs_client     = @@character_set_client */;
/*!40101 SET character_set_client = utf8 */;
CREATE TABLE `OBJET_NON_CONFORME` (
  `OBJET_NON_CONFORME_ID` int(10) NOT NULL,
  `NON_CONFORMITE_ID` int(10) NOT NULL,
  `OBJET_ID` int(10) NOT NULL,
  `ENTITE_ID` int(10) NOT NULL,
  PRIMARY KEY (`OBJET_NON_CONFORME_ID`),
  KEY `FK_OBJET_NON_CONFORME_NON_CONFORMITE_ID` (`NON_CONFORMITE_ID`),
  KEY `FK_OBJET_NON_CONFORME_ENTITE_ID` (`ENTITE_ID`),
  CONSTRAINT `FK_OBJET_NON_CONFORME_ENTITE_ID` FOREIGN KEY (`ENTITE_ID`) REFERENCES `ENTITE` (`ENTITE_ID`),
  CONSTRAINT `FK_OBJET_NON_CONFORME_NON_CONFORMITE_ID` FOREIGN KEY (`NON_CONFORMITE_ID`) REFERENCES `NON_CONFORMITE` (`NON_CONFORMITE_ID`)
) ENGINE=InnoDB DEFAULT CHARSET=utf8;
/*!40101 SET character_set_client = @saved_cs_client */;

--
-- Dumping data for table `OBJET_NON_CONFORME`
--

LOCK TABLES `OBJET_NON_CONFORME` WRITE;
/*!40000 ALTER TABLE `OBJET_NON_CONFORME` DISABLE KEYS */;
INSERT INTO `OBJET_NON_CONFORME` VALUES (1,1,2,2),(2,6,2,3),(3,4,3,3),(4,6,3,3),(5,4,3,8),(6,6,3,8);
/*!40000 ALTER TABLE `OBJET_NON_CONFORME` ENABLE KEYS */;
UNLOCK TABLES;

--
-- Table structure for table `OBJET_STATUT`
--

DROP TABLE IF EXISTS `OBJET_STATUT`;
/*!40101 SET @saved_cs_client     = @@character_set_client */;
/*!40101 SET character_set_client = utf8 */;
CREATE TABLE `OBJET_STATUT` (
  `OBJET_STATUT_ID` int(2) NOT NULL DEFAULT '0',
  `STATUT` varchar(20) NOT NULL DEFAULT '',
  PRIMARY KEY (`OBJET_STATUT_ID`)
) ENGINE=InnoDB DEFAULT CHARSET=utf8;
/*!40101 SET character_set_client = @saved_cs_client */;

--
-- Dumping data for table `OBJET_STATUT`
--

LOCK TABLES `OBJET_STATUT` WRITE;
/*!40000 ALTER TABLE `OBJET_STATUT` DISABLE KEYS */;
INSERT INTO `OBJET_STATUT` VALUES (1,'STOCKE'),(2,'EPUISE'),(3,'RESERVE'),(4,'NON STOCKE'),(5,'DETRUIT');
/*!40000 ALTER TABLE `OBJET_STATUT` ENABLE KEYS */;
UNLOCK TABLES;

--
-- Table structure for table `OPERATION`
--

DROP TABLE IF EXISTS `OPERATION`;
/*!40101 SET @saved_cs_client     = @@character_set_client */;
/*!40101 SET character_set_client = utf8 */;
CREATE TABLE `OPERATION` (
  `OPERATION_ID` int(10) NOT NULL AUTO_INCREMENT,
  `UTILISATEUR_ID` int(10) DEFAULT NULL,
  `DATE_` datetime DEFAULT NULL,
  `OBJET_ID` int(10) NOT NULL DEFAULT '0',
  `OPERATION_TYPE_ID` int(2) NOT NULL DEFAULT '0',
  `ENTITE_ID` int(2) NOT NULL DEFAULT '0',
  `V1` tinyint(1) NOT NULL DEFAULT '0',
  PRIMARY KEY (`OPERATION_ID`),
  KEY `FK_OPERATION_OPERATION_TYPE_ID` (`OPERATION_TYPE_ID`),
  KEY `FK_OPERATION_ENTITE_ID` (`ENTITE_ID`),
  KEY `FK_OPERATION_UTILISATEUR_ID` (`UTILISATEUR_ID`),
  CONSTRAINT `FK_OPERATION_ENTITE_ID` FOREIGN KEY (`ENTITE_ID`) REFERENCES `ENTITE` (`ENTITE_ID`),
  CONSTRAINT `FK_OPERATION_OPERATION_TYPE_ID` FOREIGN KEY (`OPERATION_TYPE_ID`) REFERENCES `OPERATION_TYPE` (`OPERATION_TYPE_ID`),
  CONSTRAINT `FK_OPERATION_UTILISATEUR_ID` FOREIGN KEY (`UTILISATEUR_ID`) REFERENCES `UTILISATEUR` (`UTILISATEUR_ID`)
) ENGINE=InnoDB AUTO_INCREMENT=20 DEFAULT CHARSET=utf8;
/*!40101 SET character_set_client = @saved_cs_client */;

--
-- Dumping data for table `OPERATION`
--

LOCK TABLES `OPERATION` WRITE;
/*!40000 ALTER TABLE `OPERATION` DISABLE KEYS */;
INSERT INTO `OPERATION` VALUES (1,1,'2008-12-12 00:00:00',1,3,2,0),(2,2,'2001-01-01 10:10:00',2,3,2,0),(3,1,'2001-03-01 10:10:00',3,3,2,1),(4,1,'2001-03-01 10:10:00',2,5,2,0),(5,1,'2009-10-31 00:00:00',1,3,1,0),(6,1,'2009-10-31 00:00:00',1,5,1,0),(7,1,'2009-11-02 00:00:00',3,3,1,1),(8,1,'2009-11-01 00:00:00',1,3,3,0),(9,1,'2009-11-05 00:00:00',1,5,3,0),(10,1,'2009-10-31 00:00:00',2,3,3,0),(11,1,'2009-11-04 00:00:00',4,3,3,0),(12,2,'2009-11-01 00:00:00',1,3,8,0),(13,1,'2009-11-02 00:00:00',1,5,8,0),(14,1,'2009-10-28 00:00:00',2,3,8,0),(15,1,'2009-11-03 00:00:00',4,3,8,0),(16,1,'2009-12-01 00:00:00',1,3,5,0),(17,1,'2009-12-10 00:00:00',1,5,5,0),(18,1,'2009-11-28 00:00:00',2,3,5,0),(19,1,'2010-01-25 00:00:00',4,3,5,0);
/*!40000 ALTER TABLE `OPERATION` ENABLE KEYS */;
UNLOCK TABLES;

--
-- Table structure for table `OPERATION_TYPE`
--

DROP TABLE IF EXISTS `OPERATION_TYPE`;
/*!40101 SET @saved_cs_client     = @@character_set_client */;
/*!40101 SET character_set_client = utf8 */;
CREATE TABLE `OPERATION_TYPE` (
  `OPERATION_TYPE_ID` int(2) NOT NULL DEFAULT '0',
  `NOM` varchar(25) NOT NULL DEFAULT '',
  `PROFILABLE` tinyint(1) NOT NULL DEFAULT '0',
  PRIMARY KEY (`OPERATION_TYPE_ID`)
) ENGINE=InnoDB DEFAULT CHARSET=utf8;
/*!40101 SET character_set_client = @saved_cs_client */;

--
-- Dumping data for table `OPERATION_TYPE`
--

LOCK TABLES `OPERATION_TYPE` WRITE;
/*!40000 ALTER TABLE `OPERATION_TYPE` DISABLE KEYS */;
INSERT INTO `OPERATION_TYPE` VALUES (1,'Consultation',1),(2,'Export',1),(3,'Creation',1),(4,'Import',1),(5,'Modification',1),(6,'ModifMultiple',1),(7,'Archivage',1),(8,'Restauration',0),(9,'Validation',0),(10,'Annotation',1),(11,'ExportAnonyme',1),(12,'Stockage',1),(13,'Destockage',1),(14,'Deplacement',1),(15,'Suppression',1),(16,'Login',1),(17,'Logout',1),(18,'ChangeCollection',0),(19,'Synchronisation',0),(20,'Fusion',0),(21,'Export TVGSO',0),(22,'Export INCa',0),(23,'Export BIOCAP',0);
/*!40000 ALTER TABLE `OPERATION_TYPE` ENABLE KEYS */;
UNLOCK TABLES;

--
-- Table structure for table `PATIENT`
--

DROP TABLE IF EXISTS `PATIENT`;
/*!40101 SET @saved_cs_client     = @@character_set_client */;
/*!40101 SET character_set_client = utf8 */;
CREATE TABLE `PATIENT` (
  `PATIENT_ID` int(10) NOT NULL DEFAULT '0',
  `NIP` varchar(20) DEFAULT NULL,
  `NOM` varchar(50) NOT NULL DEFAULT '',
  `NOM_NAISSANCE` varchar(50) DEFAULT NULL,
  `PRENOM` varchar(50) DEFAULT NULL,
  `SEXE` char(3) DEFAULT NULL,
  `DATE_NAISSANCE` date DEFAULT NULL,
  `VILLE_NAISSANCE` varchar(100) DEFAULT NULL,
  `PAYS_NAISSANCE` varchar(100) DEFAULT NULL,
  `PATIENT_ETAT` varchar(10) NOT NULL DEFAULT 'inconnu',
  `DATE_ETAT` date DEFAULT NULL,
  `DATE_DECES` date DEFAULT NULL,
  `ETAT_INCOMPLET` tinyint(1) DEFAULT '0',
  `ARCHIVE` tinyint(1) DEFAULT '0',
  PRIMARY KEY (`PATIENT_ID`)
) ENGINE=InnoDB DEFAULT CHARSET=utf8;
/*!40101 SET character_set_client = @saved_cs_client */;

--
-- Dumping data for table `PATIENT`
--

LOCK TABLES `PATIENT` WRITE;
/*!40000 ALTER TABLE `PATIENT` DISABLE KEYS */;
INSERT INTO `PATIENT` VALUES (1,'12','MAYER',NULL,'Suzan','F','1971-12-14','Toronto','USA','V',NULL,NULL,0,0),(2,'0987','SOLIS','MARQUEZ','Gabriela','F','1974-09-03','Corteze','Mexique','V','2009-09-30',NULL,0,0),(3,'876','DELPHINO',NULL,'Mike','M',NULL,NULL,'USA','V',NULL,NULL,0,0),(4,'87666','JACKSON',NULL,'Michael','Ind','1958-12-24','Los Angeles','USA','D','2009-09-05','2009-09-05',0,0),(5,NULL,'IncompletOne',NULL,NULL,NULL,NULL,NULL,NULL,'Inconnu',NULL,NULL,1,0);
/*!40000 ALTER TABLE `PATIENT` ENABLE KEYS */;
UNLOCK TABLES;

--
-- Table structure for table `PATIENT_LIEN`
--

DROP TABLE IF EXISTS `PATIENT_LIEN`;
/*!40101 SET @saved_cs_client     = @@character_set_client */;
/*!40101 SET character_set_client = utf8 */;
CREATE TABLE `PATIENT_LIEN` (
  `PATIENT1_ID` int(10) NOT NULL DEFAULT '0',
  `LIEN_FAMILIAL_ID` int(2) NOT NULL DEFAULT '0',
  `PATIENT2_ID` int(10) NOT NULL DEFAULT '0',
  PRIMARY KEY (`PATIENT1_ID`,`LIEN_FAMILIAL_ID`,`PATIENT2_ID`),
  KEY `FK_PATIENT_LIEN_LIEN_FAMILIAL_ID` (`LIEN_FAMILIAL_ID`),
  KEY `FK_PATIENT_LIEN_PATIENT2_ID` (`PATIENT2_ID`),
  CONSTRAINT `FK_PATIENT_LIEN_LIEN_FAMILIAL_ID` FOREIGN KEY (`LIEN_FAMILIAL_ID`) REFERENCES `LIEN_FAMILIAL` (`LIEN_FAMILIAL_ID`),
  CONSTRAINT `FK_PATIENT_LIEN_PATIENT1_ID` FOREIGN KEY (`PATIENT1_ID`) REFERENCES `PATIENT` (`PATIENT_ID`),
  CONSTRAINT `FK_PATIENT_LIEN_PATIENT2_ID` FOREIGN KEY (`PATIENT2_ID`) REFERENCES `PATIENT` (`PATIENT_ID`)
) ENGINE=InnoDB DEFAULT CHARSET=utf8;
/*!40101 SET character_set_client = @saved_cs_client */;

--
-- Dumping data for table `PATIENT_LIEN`
--

LOCK TABLES `PATIENT_LIEN` WRITE;
/*!40000 ALTER TABLE `PATIENT_LIEN` DISABLE KEYS */;
INSERT INTO `PATIENT_LIEN` VALUES (4,1,2),(2,3,5);
/*!40000 ALTER TABLE `PATIENT_LIEN` ENABLE KEYS */;
UNLOCK TABLES;

--
-- Table structure for table `PATIENT_MEDECIN`
--

DROP TABLE IF EXISTS `PATIENT_MEDECIN`;
/*!40101 SET @saved_cs_client     = @@character_set_client */;
/*!40101 SET character_set_client = utf8 */;
CREATE TABLE `PATIENT_MEDECIN` (
  `PATIENT_ID` int(10) NOT NULL DEFAULT '0',
  `COLLABORATEUR_ID` int(10) NOT NULL DEFAULT '0',
  `ORDRE` int(3) NOT NULL DEFAULT '1',
  PRIMARY KEY (`COLLABORATEUR_ID`,`PATIENT_ID`),
  KEY `FK_PATIENT_MEDECIN_PATIENT_ID` (`PATIENT_ID`),
  CONSTRAINT `FK_PATIENT_MEDECIN_COLLABORATEUR_ID` FOREIGN KEY (`COLLABORATEUR_ID`) REFERENCES `COLLABORATEUR` (`COLLABORATEUR_ID`),
  CONSTRAINT `FK_PATIENT_MEDECIN_PATIENT_ID` FOREIGN KEY (`PATIENT_ID`) REFERENCES `PATIENT` (`PATIENT_ID`)
) ENGINE=InnoDB DEFAULT CHARSET=utf8;
/*!40101 SET character_set_client = @saved_cs_client */;

--
-- Dumping data for table `PATIENT_MEDECIN`
--

LOCK TABLES `PATIENT_MEDECIN` WRITE;
/*!40000 ALTER TABLE `PATIENT_MEDECIN` DISABLE KEYS */;
INSERT INTO `PATIENT_MEDECIN` VALUES (1,1,1),(1,2,2),(1,3,3);
/*!40000 ALTER TABLE `PATIENT_MEDECIN` ENABLE KEYS */;
UNLOCK TABLES;

--
-- Table structure for table `PLATEFORME`
--

DROP TABLE IF EXISTS `PLATEFORME`;
/*!40101 SET @saved_cs_client     = @@character_set_client */;
/*!40101 SET character_set_client = utf8 */;
CREATE TABLE `PLATEFORME` (
  `PLATEFORME_ID` int(10) NOT NULL DEFAULT '0',
  `NOM` varchar(50) NOT NULL DEFAULT '',
  `ALIAS` varchar(5) DEFAULT NULL,
  `COLLABORATEUR_ID` int(10) DEFAULT NULL,
  PRIMARY KEY (`PLATEFORME_ID`),
  KEY `FK_PLATEFORME_COLLABORATEUR_ID` (`COLLABORATEUR_ID`),
  CONSTRAINT `FK_PLATEFORME_COLLABORATEUR_ID` FOREIGN KEY (`COLLABORATEUR_ID`) REFERENCES `COLLABORATEUR` (`COLLABORATEUR_ID`)
) ENGINE=InnoDB DEFAULT CHARSET=utf8;
/*!40101 SET character_set_client = @saved_cs_client */;

--
-- Dumping data for table `PLATEFORME`
--

LOCK TABLES `PLATEFORME` WRITE;
/*!40000 ALTER TABLE `PLATEFORME` DISABLE KEYS */;
INSERT INTO `PLATEFORME` VALUES (1,'PLATEFORME 1','PF1',1),(2,'PLATEFORME 2','PF2',4);
/*!40000 ALTER TABLE `PLATEFORME` ENABLE KEYS */;
UNLOCK TABLES;

--
-- Table structure for table `PLATEFORME_ADMINISTRATEUR`
--

DROP TABLE IF EXISTS `PLATEFORME_ADMINISTRATEUR`;
/*!40101 SET @saved_cs_client     = @@character_set_client */;
/*!40101 SET character_set_client = utf8 */;
CREATE TABLE `PLATEFORME_ADMINISTRATEUR` (
  `PLATEFORME_ID` int(10) NOT NULL DEFAULT '0',
  `UTILISATEUR_ID` int(10) NOT NULL DEFAULT '0',
  PRIMARY KEY (`PLATEFORME_ID`,`UTILISATEUR_ID`),
  KEY `FK_PLATEFORME_ADMINISTRATEUR_UTILISATEUR_ID` (`UTILISATEUR_ID`),
  CONSTRAINT `FK_PLATEFORME_ADMINISTRATEUR_PLATEFORME_ID` FOREIGN KEY (`PLATEFORME_ID`) REFERENCES `PLATEFORME` (`PLATEFORME_ID`),
  CONSTRAINT `FK_PLATEFORME_ADMINISTRATEUR_UTILISATEUR_ID` FOREIGN KEY (`UTILISATEUR_ID`) REFERENCES `UTILISATEUR` (`UTILISATEUR_ID`)
) ENGINE=InnoDB DEFAULT CHARSET=utf8;
/*!40101 SET character_set_client = @saved_cs_client */;

--
-- Dumping data for table `PLATEFORME_ADMINISTRATEUR`
--

LOCK TABLES `PLATEFORME_ADMINISTRATEUR` WRITE;
/*!40000 ALTER TABLE `PLATEFORME_ADMINISTRATEUR` DISABLE KEYS */;
INSERT INTO `PLATEFORME_ADMINISTRATEUR` VALUES (1,5);
/*!40000 ALTER TABLE `PLATEFORME_ADMINISTRATEUR` ENABLE KEYS */;
UNLOCK TABLES;

--
-- Table structure for table `POINTCUT`
--

DROP TABLE IF EXISTS `POINTCUT`;
/*!40101 SET @saved_cs_client     = @@character_set_client */;
/*!40101 SET character_set_client = utf8 */;
CREATE TABLE `POINTCUT` (
  `POINTCUT_ID` int(2) NOT NULL,
  `NOM` char(25) NOT NULL,
  PRIMARY KEY (`POINTCUT_ID`)
) ENGINE=InnoDB DEFAULT CHARSET=utf8;
/*!40101 SET character_set_client = @saved_cs_client */;

--
-- Dumping data for table `POINTCUT`
--

LOCK TABLES `POINTCUT` WRITE;
/*!40000 ALTER TABLE `POINTCUT` DISABLE KEYS */;
/*!40000 ALTER TABLE `POINTCUT` ENABLE KEYS */;
UNLOCK TABLES;

--
-- Table structure for table `PRELEVEMENT`
--

DROP TABLE IF EXISTS `PRELEVEMENT`;
/*!40101 SET @saved_cs_client     = @@character_set_client */;
/*!40101 SET character_set_client = utf8 */;
CREATE TABLE `PRELEVEMENT` (
  `PRELEVEMENT_ID` int(10) NOT NULL DEFAULT '0',
  `BANQUE_ID` int(10) NOT NULL DEFAULT '0',
  `CODE` varchar(50) NOT NULL DEFAULT '',
  `NATURE_ID` int(10) NOT NULL DEFAULT '0',
  `MALADIE_ID` int(10) DEFAULT NULL,
  `CONSENT_TYPE_ID` int(2) NOT NULL DEFAULT '0',
  `CONSENT_DATE` date DEFAULT NULL,
  `PRELEVEUR_ID` int(10) DEFAULT NULL,
  `SERVICE_PRELEVEUR_ID` int(10) DEFAULT NULL,
  `DATE_PRELEVEMENT` datetime DEFAULT NULL,
  `PRELEVEMENT_TYPE_ID` int(10) DEFAULT NULL,
  `CONDIT_TYPE_ID` int(10) DEFAULT NULL,
  `CONDIT_MILIEU_ID` int(3) DEFAULT NULL,
  `CONDIT_NBR` int(10) DEFAULT NULL,
  `DATE_DEPART` datetime DEFAULT NULL,
  `TRANSPORTEUR_ID` int(10) DEFAULT NULL,
  `TRANSPORT_TEMP` float DEFAULT NULL,
  `DATE_ARRIVEE` datetime DEFAULT NULL,
  `OPERATEUR_ID` int(10) DEFAULT NULL,
  `QUANTITE` float DEFAULT NULL,
  `QUANTITE_UNITE_ID` int(10) DEFAULT NULL,
  `PATIENT_NDA` varchar(20) DEFAULT NULL,
  `NUMERO_LABO` varchar(50) DEFAULT NULL,
  `STERILE` tinyint(1) DEFAULT NULL,
  `CONG_ARRIVEE` tinyint(1) DEFAULT '1',
  `CONG_DEPART` tinyint(1) DEFAULT NULL,
  `CONFORME_ARRIVEE` tinyint(1) DEFAULT NULL,
  `ETAT_INCOMPLET` tinyint(1) DEFAULT '0',
  `ARCHIVE` tinyint(1) DEFAULT '0',
  PRIMARY KEY (`PRELEVEMENT_ID`),
  KEY `FK_PRELEVEMENT_NATURE_ID` (`NATURE_ID`),
  KEY `FK_PRELEVEMENT_PRELEVEMENT_TYPE_ID` (`PRELEVEMENT_TYPE_ID`),
  KEY `FK_PRELEVEMENT_CONDIT_TYPE_ID` (`CONDIT_TYPE_ID`),
  KEY `FK_PRELEVEMENT_CONDIT_MILIEU_ID` (`CONDIT_MILIEU_ID`),
  KEY `FK_PRELEVEMENT_BANQUE_ID` (`BANQUE_ID`),
  KEY `FK_PRELEVEMENT_PRELEVEUR_ID` (`PRELEVEUR_ID`),
  KEY `FK_PRELEVEMENT_SERVICE_PRELEVEUR_ID` (`SERVICE_PRELEVEUR_ID`),
  KEY `FK_PRELEVEMENT_TRANSPORTEUR_ID` (`TRANSPORTEUR_ID`),
  KEY `FK_PRELEVEMENT_OPERATEUR_ID` (`OPERATEUR_ID`),
  KEY `FK_PRELEVEMENT_QUANTITE_UNITE_ID` (`QUANTITE_UNITE_ID`),
  KEY `FK_PRELEVEMENT_CONSENT_TYPE_ID` (`CONSENT_TYPE_ID`),
  KEY `FK_PRELEVEMENT_MALADIE_ID` (`MALADIE_ID`),
  CONSTRAINT `FK_PRELEVEMENT_BANQUE_ID` FOREIGN KEY (`BANQUE_ID`) REFERENCES `BANQUE` (`BANQUE_ID`),
  CONSTRAINT `FK_PRELEVEMENT_CONDIT_MILIEU_ID` FOREIGN KEY (`CONDIT_MILIEU_ID`) REFERENCES `CONDIT_MILIEU` (`CONDIT_MILIEU_ID`) ON DELETE SET NULL,
  CONSTRAINT `FK_PRELEVEMENT_CONDIT_TYPE_ID` FOREIGN KEY (`CONDIT_TYPE_ID`) REFERENCES `CONDIT_TYPE` (`CONDIT_TYPE_ID`) ON DELETE SET NULL,
  CONSTRAINT `FK_PRELEVEMENT_CONSENT_TYPE_ID` FOREIGN KEY (`CONSENT_TYPE_ID`) REFERENCES `CONSENT_TYPE` (`CONSENT_TYPE_ID`),
  CONSTRAINT `FK_PRELEVEMENT_MALADIE_ID` FOREIGN KEY (`MALADIE_ID`) REFERENCES `MALADIE` (`MALADIE_ID`),
  CONSTRAINT `FK_PRELEVEMENT_NATURE_ID` FOREIGN KEY (`NATURE_ID`) REFERENCES `NATURE` (`NATURE_ID`),
  CONSTRAINT `FK_PRELEVEMENT_OPERATEUR_ID` FOREIGN KEY (`OPERATEUR_ID`) REFERENCES `COLLABORATEUR` (`COLLABORATEUR_ID`),
  CONSTRAINT `FK_PRELEVEMENT_PRELEVEMENT_TYPE_ID` FOREIGN KEY (`PRELEVEMENT_TYPE_ID`) REFERENCES `PRELEVEMENT_TYPE` (`PRELEVEMENT_TYPE_ID`) ON DELETE SET NULL,
  CONSTRAINT `FK_PRELEVEMENT_PRELEVEUR_ID` FOREIGN KEY (`PRELEVEUR_ID`) REFERENCES `COLLABORATEUR` (`COLLABORATEUR_ID`),
  CONSTRAINT `FK_PRELEVEMENT_QUANTITE_UNITE_ID` FOREIGN KEY (`QUANTITE_UNITE_ID`) REFERENCES `UNITE` (`UNITE_ID`),
  CONSTRAINT `FK_PRELEVEMENT_SERVICE_PRELEVEUR_ID` FOREIGN KEY (`SERVICE_PRELEVEUR_ID`) REFERENCES `SERVICE` (`SERVICE_ID`),
  CONSTRAINT `FK_PRELEVEMENT_TRANSPORTEUR_ID` FOREIGN KEY (`TRANSPORTEUR_ID`) REFERENCES `TRANSPORTEUR` (`TRANSPORTEUR_ID`)
) ENGINE=InnoDB DEFAULT CHARSET=utf8;
/*!40101 SET character_set_client = @saved_cs_client */;

--
-- Dumping data for table `PRELEVEMENT`
--

LOCK TABLES `PRELEVEMENT` WRITE;
/*!40000 ALTER TABLE `PRELEVEMENT` DISABLE KEYS */;
INSERT INTO `PRELEVEMENT` VALUES (1,1,'PRLVT1',2,4,3,'1983-09-06',1,1,'1983-09-06 10:00:00',1,1,1,10,'1983-09-06 18:30:00',1,-5,'1983-09-06 19:45:30',1,NULL,NULL,'NDA234','12234',1,0,0,1,0,0),(2,1,'PRLVT2',1,3,3,'1983-09-16',1,1,'1983-09-16 10:00:00',1,1,1,20,NULL,1,-5,NULL,1,12,1,NULL,'121212',0,0,1,0,0,0),(3,2,'PRLVT3',3,1,1,NULL,1,1,'1983-09-17 10:00:00',3,1,1,20,NULL,1,-5,NULL,1,100,5,'NDA65',NULL,0,NULL,NULL,1,0,0),(4,1,'C1234',1,NULL,1,NULL,NULL,NULL,NULL,NULL,NULL,NULL,NULL,NULL,NULL,NULL,NULL,NULL,NULL,NULL,NULL,NULL,0,1,NULL,0,0,0),(5,3,'PRLVTCROSS',2,4,3,'1983-09-06',1,1,'1983-09-06 10:00:00',1,1,1,10,'1983-09-06 18:30:00',1,-5,'1983-09-06 19:45:30',1,NULL,NULL,'NDA234','12234',1,0,1,NULL,0,0);
/*!40000 ALTER TABLE `PRELEVEMENT` ENABLE KEYS */;
UNLOCK TABLES;

--
-- Table structure for table `PRELEVEMENT_DELEGATE`
--

DROP TABLE IF EXISTS `PRELEVEMENT_DELEGATE`;
/*!40101 SET @saved_cs_client     = @@character_set_client */;
/*!40101 SET character_set_client = utf8 */;
CREATE TABLE `PRELEVEMENT_DELEGATE` (
  `PRELEVEMENT_DELEGATE_ID` int(10) NOT NULL,
  `PRELEVEMENT_ID` int(10) NOT NULL,
  `CONTEXTE_ID` int(2) NOT NULL,
  PRIMARY KEY (`PRELEVEMENT_DELEGATE_ID`),
  UNIQUE KEY `PRELEVEMENT_ID` (`PRELEVEMENT_ID`),
  KEY `FK_PREL_DEL_CONTEXTE_ID` (`CONTEXTE_ID`),
  CONSTRAINT `FK_PREL_DEL_CONTEXTE_ID` FOREIGN KEY (`CONTEXTE_ID`) REFERENCES `CONTEXTE` (`CONTEXTE_ID`),
  CONSTRAINT `FK_PREL_DEL_PRELEVEMENT_ID` FOREIGN KEY (`PRELEVEMENT_ID`) REFERENCES `PRELEVEMENT` (`PRELEVEMENT_ID`)
) ENGINE=InnoDB DEFAULT CHARSET=latin1;
/*!40101 SET character_set_client = @saved_cs_client */;

--
-- Dumping data for table `PRELEVEMENT_DELEGATE`
--

LOCK TABLES `PRELEVEMENT_DELEGATE` WRITE;
/*!40000 ALTER TABLE `PRELEVEMENT_DELEGATE` DISABLE KEYS */;
INSERT INTO `PRELEVEMENT_DELEGATE` VALUES (1,1,1),(2,4,1),(3,3,2);
/*!40000 ALTER TABLE `PRELEVEMENT_DELEGATE` ENABLE KEYS */;
UNLOCK TABLES;

--
-- Table structure for table `PRELEVEMENT_RISQUE`
--

DROP TABLE IF EXISTS `PRELEVEMENT_RISQUE`;
/*!40101 SET @saved_cs_client     = @@character_set_client */;
/*!40101 SET character_set_client = utf8 */;
CREATE TABLE `PRELEVEMENT_RISQUE` (
  `PRELEVEMENT_ID` int(10) NOT NULL DEFAULT '0',
  `RISQUE_ID` int(3) NOT NULL DEFAULT '0',
  PRIMARY KEY (`PRELEVEMENT_ID`,`RISQUE_ID`),
  KEY `FK_PRELEVEMENT_RISQUE_RISQUE_ID` (`RISQUE_ID`),
  CONSTRAINT `FK_PRELEVEMENT_RISQUE_PRELEVEMENT_ID` FOREIGN KEY (`PRELEVEMENT_ID`) REFERENCES `PRELEVEMENT` (`PRELEVEMENT_ID`),
  CONSTRAINT `FK_PRELEVEMENT_RISQUE_RISQUE_ID` FOREIGN KEY (`RISQUE_ID`) REFERENCES `RISQUE` (`RISQUE_ID`)
) ENGINE=InnoDB DEFAULT CHARSET=utf8;
/*!40101 SET character_set_client = @saved_cs_client */;

--
-- Dumping data for table `PRELEVEMENT_RISQUE`
--

LOCK TABLES `PRELEVEMENT_RISQUE` WRITE;
/*!40000 ALTER TABLE `PRELEVEMENT_RISQUE` DISABLE KEYS */;
INSERT INTO `PRELEVEMENT_RISQUE` VALUES (1,1),(1,3);
/*!40000 ALTER TABLE `PRELEVEMENT_RISQUE` ENABLE KEYS */;
UNLOCK TABLES;

--
-- Table structure for table `PRELEVEMENT_SERO`
--

DROP TABLE IF EXISTS `PRELEVEMENT_SERO`;
/*!40101 SET @saved_cs_client     = @@character_set_client */;
/*!40101 SET character_set_client = utf8 */;
CREATE TABLE `PRELEVEMENT_SERO` (
  `PRELEVEMENT_DELEGATE_ID` int(10) NOT NULL,
  `LIBELLE` varchar(300) DEFAULT NULL,
  PRIMARY KEY (`PRELEVEMENT_DELEGATE_ID`),
  CONSTRAINT `FK_PREL_SERO_PREL_DEL_ID` FOREIGN KEY (`PRELEVEMENT_DELEGATE_ID`) REFERENCES `PRELEVEMENT_DELEGATE` (`PRELEVEMENT_DELEGATE_ID`)
) ENGINE=InnoDB DEFAULT CHARSET=latin1;
/*!40101 SET character_set_client = @saved_cs_client */;

--
-- Dumping data for table `PRELEVEMENT_SERO`
--

LOCK TABLES `PRELEVEMENT_SERO` WRITE;
/*!40000 ALTER TABLE `PRELEVEMENT_SERO` DISABLE KEYS */;
INSERT INTO `PRELEVEMENT_SERO` VALUES (1,'CODE SEROTK A'),(2,NULL);
/*!40000 ALTER TABLE `PRELEVEMENT_SERO` ENABLE KEYS */;
UNLOCK TABLES;

--
-- Table structure for table `PRELEVEMENT_SERO_PROTOCOLE`
--

DROP TABLE IF EXISTS `PRELEVEMENT_SERO_PROTOCOLE`;
/*!40101 SET @saved_cs_client     = @@character_set_client */;
/*!40101 SET character_set_client = utf8 */;
CREATE TABLE `PRELEVEMENT_SERO_PROTOCOLE` (
  `PRELEVEMENT_DELEGATE_ID` int(10) NOT NULL,
  `PROTOCOLE_ID` int(10) NOT NULL,
  PRIMARY KEY (`PRELEVEMENT_DELEGATE_ID`,`PROTOCOLE_ID`),
  KEY `FK_PREL_PROTO_PROTO_ID` (`PROTOCOLE_ID`),
  CONSTRAINT `FK_PREL_PROTO_PREL_ID` FOREIGN KEY (`PRELEVEMENT_DELEGATE_ID`) REFERENCES `PRELEVEMENT_SERO` (`PRELEVEMENT_DELEGATE_ID`),
  CONSTRAINT `FK_PREL_PROTO_PROTO_ID` FOREIGN KEY (`PROTOCOLE_ID`) REFERENCES `PROTOCOLE` (`PROTOCOLE_ID`)
) ENGINE=InnoDB DEFAULT CHARSET=latin1;
/*!40101 SET character_set_client = @saved_cs_client */;

--
-- Dumping data for table `PRELEVEMENT_SERO_PROTOCOLE`
--

LOCK TABLES `PRELEVEMENT_SERO_PROTOCOLE` WRITE;
/*!40000 ALTER TABLE `PRELEVEMENT_SERO_PROTOCOLE` DISABLE KEYS */;
INSERT INTO `PRELEVEMENT_SERO_PROTOCOLE` VALUES (2,1),(1,3);
/*!40000 ALTER TABLE `PRELEVEMENT_SERO_PROTOCOLE` ENABLE KEYS */;
UNLOCK TABLES;

--
-- Table structure for table `PRELEVEMENT_TYPE`
--

DROP TABLE IF EXISTS `PRELEVEMENT_TYPE`;
/*!40101 SET @saved_cs_client     = @@character_set_client */;
/*!40101 SET character_set_client = utf8 */;
CREATE TABLE `PRELEVEMENT_TYPE` (
  `PRELEVEMENT_TYPE_ID` int(10) NOT NULL DEFAULT '0',
  `INCA_CAT` char(2) DEFAULT NULL,
  `TYPE` varchar(200) NOT NULL,
  `PLATEFORME_ID` int(10) NOT NULL,
  PRIMARY KEY (`PRELEVEMENT_TYPE_ID`),
  KEY `FK_PRELEVEMENT_TYPE_PLATEFORME_ID` (`PLATEFORME_ID`),
  CONSTRAINT `FK_PRELEVEMENT_TYPE_PLATEFORME_ID` FOREIGN KEY (`PLATEFORME_ID`) REFERENCES `PLATEFORME` (`PLATEFORME_ID`)
) ENGINE=InnoDB DEFAULT CHARSET=utf8;
/*!40101 SET character_set_client = @saved_cs_client */;

--
-- Dumping data for table `PRELEVEMENT_TYPE`
--

LOCK TABLES `PRELEVEMENT_TYPE` WRITE;
/*!40000 ALTER TABLE `PRELEVEMENT_TYPE` DISABLE KEYS */;
INSERT INTO `PRELEVEMENT_TYPE` VALUES (1,'B','BIOPSIE',1),(2,'N','NECROPSIE',1),(3,'P','PONCTION',1),(4,'P','CYTOPONCTION',2);
/*!40000 ALTER TABLE `PRELEVEMENT_TYPE` ENABLE KEYS */;
UNLOCK TABLES;

--
-- Table structure for table `PRELEVEMENT_XENO`
--

DROP TABLE IF EXISTS `PRELEVEMENT_XENO`;
/*!40101 SET @saved_cs_client     = @@character_set_client */;
/*!40101 SET character_set_client = utf8 */;
CREATE TABLE `PRELEVEMENT_XENO` (
  `PRELEVEMENT_DELEGATE_ID` int(10) NOT NULL,
  `SOURIS` varchar(50) DEFAULT NULL,
  PRIMARY KEY (`PRELEVEMENT_DELEGATE_ID`),
  CONSTRAINT `FK_PREL_XENO_PREL_DEL_ID` FOREIGN KEY (`PRELEVEMENT_DELEGATE_ID`) REFERENCES `PRELEVEMENT_DELEGATE` (`PRELEVEMENT_DELEGATE_ID`)
) ENGINE=InnoDB DEFAULT CHARSET=latin1;
/*!40101 SET character_set_client = @saved_cs_client */;

--
-- Dumping data for table `PRELEVEMENT_XENO`
--

LOCK TABLES `PRELEVEMENT_XENO` WRITE;
/*!40000 ALTER TABLE `PRELEVEMENT_XENO` DISABLE KEYS */;
INSERT INTO `PRELEVEMENT_XENO` VALUES (3,'S12');
/*!40000 ALTER TABLE `PRELEVEMENT_XENO` ENABLE KEYS */;
UNLOCK TABLES;

--
-- Table structure for table `PROD_DERIVE`
--

DROP TABLE IF EXISTS `PROD_DERIVE`;
/*!40101 SET @saved_cs_client     = @@character_set_client */;
/*!40101 SET character_set_client = utf8 */;
CREATE TABLE `PROD_DERIVE` (
  `PROD_DERIVE_ID` int(10) NOT NULL DEFAULT '0',
  `BANQUE_ID` int(10) NOT NULL DEFAULT '0',
  `PROD_TYPE_ID` int(2) NOT NULL DEFAULT '0',
  `CODE` varchar(50) NOT NULL DEFAULT '',
  `CODE_LABO` varchar(10) DEFAULT NULL,
  `OBJET_STATUT_ID` int(2) DEFAULT NULL,
  `COLLABORATEUR_ID` int(10) DEFAULT NULL,
  `VOLUME_INIT` float DEFAULT NULL,
  `VOLUME` float DEFAULT NULL,
  `CONC` float DEFAULT NULL,
  `DATE_STOCK` datetime DEFAULT NULL,
  `EMPLACEMENT_ID` int(10) DEFAULT NULL,
  `VOLUME_UNITE_ID` int(2) DEFAULT NULL,
  `CONC_UNITE_ID` int(2) DEFAULT NULL,
  `QUANTITE_INIT` float DEFAULT NULL,
  `QUANTITE` float DEFAULT NULL,
  `QUANTITE_UNITE_ID` int(2) DEFAULT NULL,
  `PROD_QUALITE_ID` int(10) DEFAULT NULL,
  `TRANSFORMATION_ID` int(10) DEFAULT NULL,
  `DATE_TRANSFORMATION` datetime DEFAULT NULL,
  `RESERVATION_ID` int(10) DEFAULT NULL,
  `ETAT_INCOMPLET` tinyint(1) DEFAULT '0',
  `ARCHIVE` tinyint(1) DEFAULT '0',
  `MODE_PREPA_DERIVE_ID` int(3) DEFAULT NULL,
  `CONFORME_TRAITEMENT` tinyint(1) DEFAULT NULL,
  `CONFORME_CESSION` tinyint(1) DEFAULT NULL,
  PRIMARY KEY (`PROD_DERIVE_ID`),
  KEY `FK_PROD_DERIVE_BANQUE_ID` (`BANQUE_ID`),
  KEY `FK_PROD_DERIVE_QUANTITE_UNITE_ID` (`QUANTITE_UNITE_ID`),
  KEY `FK_PROD_DERIVE_CONC_UNITE_ID` (`CONC_UNITE_ID`),
  KEY `FK_PROD_DERIVE_PROD_TYPE_ID` (`PROD_TYPE_ID`),
  KEY `FK_PROD_DERIVE_OBJET_STATUT_ID` (`OBJET_STATUT_ID`),
  KEY `FK_PROD_DERIVE_PROD_QUALITE_ID` (`PROD_QUALITE_ID`),
  KEY `FK_PROD_DERIVE_COLLABORATEUR_ID` (`COLLABORATEUR_ID`),
  KEY `FK_PROD_DERIVE_EMPLACEMENT_ID` (`EMPLACEMENT_ID`),
  KEY `FK_PROD_DERIVE_RESERVATION_ID` (`RESERVATION_ID`),
  KEY `FK_PROD_DERIVE_VOLUME_UNITE_ID` (`VOLUME_UNITE_ID`),
  KEY `FK_PROD_DERIVE_TRANSFORMATION_ID` (`TRANSFORMATION_ID`),
  KEY `FK_PROD_DERIVE_MODE_PREPA_DERIVE_ID` (`MODE_PREPA_DERIVE_ID`),
  CONSTRAINT `FK_PROD_DERIVE_BANQUE_ID` FOREIGN KEY (`BANQUE_ID`) REFERENCES `BANQUE` (`BANQUE_ID`),
  CONSTRAINT `FK_PROD_DERIVE_COLLABORATEUR_ID` FOREIGN KEY (`COLLABORATEUR_ID`) REFERENCES `COLLABORATEUR` (`COLLABORATEUR_ID`),
  CONSTRAINT `FK_PROD_DERIVE_CONC_UNITE_ID` FOREIGN KEY (`CONC_UNITE_ID`) REFERENCES `UNITE` (`UNITE_ID`),
  CONSTRAINT `FK_PROD_DERIVE_EMPLACEMENT_ID` FOREIGN KEY (`EMPLACEMENT_ID`) REFERENCES `EMPLACEMENT` (`EMPLACEMENT_ID`),
  CONSTRAINT `FK_PROD_DERIVE_MODE_PREPA_DERIVE_ID` FOREIGN KEY (`MODE_PREPA_DERIVE_ID`) REFERENCES `MODE_PREPA_DERIVE` (`MODE_PREPA_DERIVE_ID`) ON DELETE SET NULL,
  CONSTRAINT `FK_PROD_DERIVE_OBJET_STATUT_ID` FOREIGN KEY (`OBJET_STATUT_ID`) REFERENCES `OBJET_STATUT` (`OBJET_STATUT_ID`),
  CONSTRAINT `FK_PROD_DERIVE_PROD_QUALITE_ID` FOREIGN KEY (`PROD_QUALITE_ID`) REFERENCES `PROD_QUALITE` (`PROD_QUALITE_ID`) ON DELETE SET NULL,
  CONSTRAINT `FK_PROD_DERIVE_PROD_TYPE_ID` FOREIGN KEY (`PROD_TYPE_ID`) REFERENCES `PROD_TYPE` (`PROD_TYPE_ID`),
  CONSTRAINT `FK_PROD_DERIVE_QUANTITE_UNITE_ID` FOREIGN KEY (`QUANTITE_UNITE_ID`) REFERENCES `UNITE` (`UNITE_ID`),
  CONSTRAINT `FK_PROD_DERIVE_RESERVATION_ID` FOREIGN KEY (`RESERVATION_ID`) REFERENCES `RESERVATION` (`RESERVATION_ID`),
  CONSTRAINT `FK_PROD_DERIVE_TRANSFORMATION_ID` FOREIGN KEY (`TRANSFORMATION_ID`) REFERENCES `TRANSFORMATION` (`TRANSFORMATION_ID`),
  CONSTRAINT `FK_PROD_DERIVE_VOLUME_UNITE_ID` FOREIGN KEY (`VOLUME_UNITE_ID`) REFERENCES `UNITE` (`UNITE_ID`)
) ENGINE=InnoDB DEFAULT CHARSET=utf8;
/*!40101 SET character_set_client = @saved_cs_client */;

--
-- Dumping data for table `PROD_DERIVE`
--

LOCK TABLES `PROD_DERIVE` WRITE;
/*!40000 ALTER TABLE `PROD_DERIVE` DISABLE KEYS */;
INSERT INTO `PROD_DERIVE` VALUES (1,1,1,'PTRA.1.1','LABO_PTRA',1,1,NULL,NULL,NULL,'2009-03-16 00:00:00',1,2,NULL,10,10,1,1,1,'2009-03-16 00:00:00',NULL,0,0,1,1,1),(2,1,1,'PTRA.1.2','LABO_PTRA',1,1,NULL,NULL,NULL,'2009-03-16 00:00:00',2,2,NULL,NULL,NULL,1,1,3,'2009-03-16 00:00:00',NULL,0,0,1,1,0),(3,1,2,'EHT.1.1','LABO_EHT',2,2,NULL,NULL,NULL,'2009-07-08 00:00:00',NULL,NULL,NULL,NULL,NULL,NULL,2,2,'2009-07-07 00:00:00',NULL,0,0,2,0,0),(4,2,3,'JEG.1.1','XXX',1,1,NULL,NULL,NULL,'2009-11-16 00:00:00',NULL,2,NULL,10,0,1,1,4,'2009-11-16 00:00:00',NULL,0,0,3,NULL,NULL);
/*!40000 ALTER TABLE `PROD_DERIVE` ENABLE KEYS */;
UNLOCK TABLES;

--
-- Table structure for table `PROD_QUALITE`
--

DROP TABLE IF EXISTS `PROD_QUALITE`;
/*!40101 SET @saved_cs_client     = @@character_set_client */;
/*!40101 SET character_set_client = utf8 */;
CREATE TABLE `PROD_QUALITE` (
  `PROD_QUALITE_ID` int(3) NOT NULL DEFAULT '0',
  `PROD_QUALITE` varchar(200) NOT NULL,
  `PLATEFORME_ID` int(10) NOT NULL,
  PRIMARY KEY (`PROD_QUALITE_ID`),
  KEY `FK_PROD_QUALITE_PLATEFORME_ID` (`PLATEFORME_ID`),
  CONSTRAINT `FK_PROD_QUALITE_PLATEFORME_ID` FOREIGN KEY (`PLATEFORME_ID`) REFERENCES `PLATEFORME` (`PLATEFORME_ID`)
) ENGINE=InnoDB DEFAULT CHARSET=utf8;
/*!40101 SET character_set_client = @saved_cs_client */;

--
-- Dumping data for table `PROD_QUALITE`
--

LOCK TABLES `PROD_QUALITE` WRITE;
/*!40000 ALTER TABLE `PROD_QUALITE` DISABLE KEYS */;
INSERT INTO `PROD_QUALITE` VALUES (1,'REPRESENTATIF',1),(2,'NECROSE',1),(3,'TUMEUR',2);
/*!40000 ALTER TABLE `PROD_QUALITE` ENABLE KEYS */;
UNLOCK TABLES;

--
-- Table structure for table `PROD_TYPE`
--

DROP TABLE IF EXISTS `PROD_TYPE`;
/*!40101 SET @saved_cs_client     = @@character_set_client */;
/*!40101 SET character_set_client = utf8 */;
CREATE TABLE `PROD_TYPE` (
  `PROD_TYPE_ID` int(2) NOT NULL DEFAULT '0',
  `TYPE` varchar(200) NOT NULL,
  `PLATEFORME_ID` int(10) NOT NULL,
  PRIMARY KEY (`PROD_TYPE_ID`),
  KEY `FK_PROD_TYPE_PLATEFORME_ID` (`PLATEFORME_ID`),
  CONSTRAINT `FK_PROD_TYPE_PLATEFORME_ID` FOREIGN KEY (`PLATEFORME_ID`) REFERENCES `PLATEFORME` (`PLATEFORME_ID`)
) ENGINE=InnoDB DEFAULT CHARSET=utf8;
/*!40101 SET character_set_client = @saved_cs_client */;

--
-- Dumping data for table `PROD_TYPE`
--

LOCK TABLES `PROD_TYPE` WRITE;
/*!40000 ALTER TABLE `PROD_TYPE` DISABLE KEYS */;
INSERT INTO `PROD_TYPE` VALUES (1,'ADN',1),(2,'ARN',1),(3,'PROTEINE',1);
/*!40000 ALTER TABLE `PROD_TYPE` ENABLE KEYS */;
UNLOCK TABLES;

--
-- Table structure for table `PROFIL`
--

DROP TABLE IF EXISTS `PROFIL`;
/*!40101 SET @saved_cs_client     = @@character_set_client */;
/*!40101 SET character_set_client = utf8 */;
CREATE TABLE `PROFIL` (
  `PROFIL_ID` int(10) NOT NULL DEFAULT '0',
  `NOM` varchar(100) NOT NULL DEFAULT '',
  `ANONYME` tinyint(1) DEFAULT '0',
  `ADMIN` tinyint(1) NOT NULL DEFAULT '0',
  `ACCES_ADMINISTRATION` tinyint(1) NOT NULL DEFAULT '0',
  `PROFIL_EXPORT` int(11) DEFAULT '0',
  PRIMARY KEY (`PROFIL_ID`)
) ENGINE=InnoDB DEFAULT CHARSET=utf8;
/*!40101 SET character_set_client = @saved_cs_client */;

--
-- Dumping data for table `PROFIL`
--

LOCK TABLES `PROFIL` WRITE;
/*!40000 ALTER TABLE `PROFIL` DISABLE KEYS */;
INSERT INTO `PROFIL` VALUES (1,'CONSULTATION',1,0,0,0),(2,'GESTION PATIENTS PRELEVEMENTS',0,0,1,1),(3,'GESTION COLLABORATIONS',1,0,0,0),(4,'ADMINISTRATEUR DE COLLECTION',0,1,1,2),(5,'UTILISATEUR',1,0,0,1);
/*!40000 ALTER TABLE `PROFIL` ENABLE KEYS */;
UNLOCK TABLES;

--
-- Table structure for table `PROFIL_UTILISATEUR`
--

DROP TABLE IF EXISTS `PROFIL_UTILISATEUR`;
/*!40101 SET @saved_cs_client     = @@character_set_client */;
/*!40101 SET character_set_client = utf8 */;
CREATE TABLE `PROFIL_UTILISATEUR` (
  `UTILISATEUR_ID` int(10) NOT NULL DEFAULT '0',
  `BANQUE_ID` int(10) NOT NULL DEFAULT '0',
  `PROFIL_ID` int(10) NOT NULL DEFAULT '0',
  PRIMARY KEY (`BANQUE_ID`,`PROFIL_ID`,`UTILISATEUR_ID`),
  KEY `FK_PROFIL_UTILISATEUR_UTILISATEUR_ID` (`UTILISATEUR_ID`),
  KEY `FK_PROFIL_UTILISATEUR_PROFIL_ID` (`PROFIL_ID`),
  CONSTRAINT `FK_PROFIL_UTILISATEUR_BANQUE_ID` FOREIGN KEY (`BANQUE_ID`) REFERENCES `BANQUE` (`BANQUE_ID`),
  CONSTRAINT `FK_PROFIL_UTILISATEUR_PROFIL_ID` FOREIGN KEY (`PROFIL_ID`) REFERENCES `PROFIL` (`PROFIL_ID`),
  CONSTRAINT `FK_PROFIL_UTILISATEUR_UTILISATEUR_ID` FOREIGN KEY (`UTILISATEUR_ID`) REFERENCES `UTILISATEUR` (`UTILISATEUR_ID`)
) ENGINE=InnoDB DEFAULT CHARSET=utf8;
/*!40101 SET character_set_client = @saved_cs_client */;

--
-- Dumping data for table `PROFIL_UTILISATEUR`
--

LOCK TABLES `PROFIL_UTILISATEUR` WRITE;
/*!40000 ALTER TABLE `PROFIL_UTILISATEUR` DISABLE KEYS */;
INSERT INTO `PROFIL_UTILISATEUR` VALUES (1,1,4),(1,2,4),(1,4,5),(2,1,2),(2,2,2),(2,4,5),(3,1,4),(3,2,1);
/*!40000 ALTER TABLE `PROFIL_UTILISATEUR` ENABLE KEYS */;
UNLOCK TABLES;

--
-- Table structure for table `PROTOCOLE`
--

DROP TABLE IF EXISTS `PROTOCOLE`;
/*!40101 SET @saved_cs_client     = @@character_set_client */;
/*!40101 SET character_set_client = utf8 */;
CREATE TABLE `PROTOCOLE` (
  `PROTOCOLE_ID` int(3) NOT NULL,
  `NOM` varchar(200) NOT NULL,
  `DESCRIPTION` text,
  `PLATEFORME_ID` int(10) DEFAULT NULL,
  PRIMARY KEY (`PROTOCOLE_ID`),
  KEY `FK_PROTOCOLE_PLATEFORME_ID` (`PLATEFORME_ID`),
  CONSTRAINT `FK_PROTOCOLE_PLATEFORME_ID` FOREIGN KEY (`PLATEFORME_ID`) REFERENCES `PLATEFORME` (`PLATEFORME_ID`)
) ENGINE=InnoDB DEFAULT CHARSET=latin1;
/*!40101 SET character_set_client = @saved_cs_client */;

--
-- Dumping data for table `PROTOCOLE`
--

LOCK TABLES `PROTOCOLE` WRITE;
/*!40000 ALTER TABLE `PROTOCOLE` DISABLE KEYS */;
INSERT INTO `PROTOCOLE` VALUES (1,'TYSABRI',NULL,1),(2,'EDMUS',NULL,2),(3,'OFSEP',NULL,1);
/*!40000 ALTER TABLE `PROTOCOLE` ENABLE KEYS */;
UNLOCK TABLES;

--
-- Table structure for table `PROTOCOLE_TYPE`
--

DROP TABLE IF EXISTS `PROTOCOLE_TYPE`;
/*!40101 SET @saved_cs_client     = @@character_set_client */;
/*!40101 SET character_set_client = utf8 */;
CREATE TABLE `PROTOCOLE_TYPE` (
  `PROTOCOLE_TYPE_ID` int(2) NOT NULL DEFAULT '0',
  `TYPE` varchar(200) NOT NULL,
  `PLATEFORME_ID` int(10) NOT NULL,
  PRIMARY KEY (`PROTOCOLE_TYPE_ID`),
  KEY `FK_PROTOCOLE_TYPE_PLATEFORME_ID` (`PLATEFORME_ID`),
  CONSTRAINT `FK_PROTOCOLE_TYPE_PLATEFORME_ID` FOREIGN KEY (`PLATEFORME_ID`) REFERENCES `PLATEFORME` (`PLATEFORME_ID`)
) ENGINE=InnoDB DEFAULT CHARSET=utf8;
/*!40101 SET character_set_client = @saved_cs_client */;

--
-- Dumping data for table `PROTOCOLE_TYPE`
--

LOCK TABLES `PROTOCOLE_TYPE` WRITE;
/*!40000 ALTER TABLE `PROTOCOLE_TYPE` DISABLE KEYS */;
INSERT INTO `PROTOCOLE_TYPE` VALUES (1,'RECHERCHE',1),(2,'THERAPEUTIQUE',1);
/*!40000 ALTER TABLE `PROTOCOLE_TYPE` ENABLE KEYS */;
UNLOCK TABLES;

--
-- Table structure for table `RECHERCHE`
--

DROP TABLE IF EXISTS `RECHERCHE`;
/*!40101 SET @saved_cs_client     = @@character_set_client */;
/*!40101 SET character_set_client = utf8 */;
CREATE TABLE `RECHERCHE` (
  `RECHERCHE_ID` smallint(5) unsigned NOT NULL DEFAULT '0',
  `CREATEUR_ID` int(11) NOT NULL DEFAULT '0',
  `INTITULE` varchar(100) NOT NULL DEFAULT '',
  `AFFICHAGE_ID` smallint(5) unsigned NOT NULL DEFAULT '0',
  `REQUETE_ID` smallint(5) unsigned NOT NULL DEFAULT '0',
  PRIMARY KEY (`RECHERCHE_ID`),
  KEY `FK_RECHERCHE_CREATEUR_ID` (`CREATEUR_ID`),
  KEY `FK_RECHERCHE_AFFICHAGE_ID` (`AFFICHAGE_ID`),
  KEY `FK_RECHERCHE_REQUETE_ID` (`REQUETE_ID`),
  CONSTRAINT `FK_RECHERCHE_AFFICHAGE_ID` FOREIGN KEY (`AFFICHAGE_ID`) REFERENCES `AFFICHAGE` (`AFFICHAGE_ID`),
  CONSTRAINT `FK_RECHERCHE_CREATEUR_ID` FOREIGN KEY (`CREATEUR_ID`) REFERENCES `UTILISATEUR` (`UTILISATEUR_ID`),
  CONSTRAINT `FK_RECHERCHE_REQUETE_ID` FOREIGN KEY (`REQUETE_ID`) REFERENCES `REQUETE` (`REQUETE_ID`)
) ENGINE=InnoDB DEFAULT CHARSET=utf8;
/*!40101 SET character_set_client = @saved_cs_client */;

--
-- Dumping data for table `RECHERCHE`
--

LOCK TABLES `RECHERCHE` WRITE;
/*!40000 ALTER TABLE `RECHERCHE` DISABLE KEYS */;
INSERT INTO `RECHERCHE` VALUES (1,1,'Affichage1',3,2),(2,1,'Femmes',1,3),(3,4,'Test 3',1,3),(4,2,'Quatrième affichage',2,2);
/*!40000 ALTER TABLE `RECHERCHE` ENABLE KEYS */;
UNLOCK TABLES;

--
-- Table structure for table `RECHERCHE_BANQUE`
--

DROP TABLE IF EXISTS `RECHERCHE_BANQUE`;
/*!40101 SET @saved_cs_client     = @@character_set_client */;
/*!40101 SET character_set_client = utf8 */;
CREATE TABLE `RECHERCHE_BANQUE` (
  `RECHERCHE_ID` smallint(5) unsigned NOT NULL DEFAULT '0',
  `BANQUE_ID` int(10) NOT NULL DEFAULT '0',
  PRIMARY KEY (`RECHERCHE_ID`,`BANQUE_ID`),
  KEY `FK_RECHERCHE_BANQUE_BANQUE_ID` (`BANQUE_ID`),
  CONSTRAINT `FK_RECHERCHE_BANQUE_BANQUE_ID` FOREIGN KEY (`BANQUE_ID`) REFERENCES `BANQUE` (`BANQUE_ID`),
  CONSTRAINT `FK_RECHERCHE_BANQUE_RECHERCHE_ID` FOREIGN KEY (`RECHERCHE_ID`) REFERENCES `RECHERCHE` (`RECHERCHE_ID`)
) ENGINE=InnoDB DEFAULT CHARSET=utf8;
/*!40101 SET character_set_client = @saved_cs_client */;

--
-- Dumping data for table `RECHERCHE_BANQUE`
--

LOCK TABLES `RECHERCHE_BANQUE` WRITE;
/*!40000 ALTER TABLE `RECHERCHE_BANQUE` DISABLE KEYS */;
INSERT INTO `RECHERCHE_BANQUE` VALUES (1,1),(2,1),(4,1),(2,2),(3,2),(4,2),(2,3),(2,4),(3,4);
/*!40000 ALTER TABLE `RECHERCHE_BANQUE` ENABLE KEYS */;
UNLOCK TABLES;

--
-- Table structure for table `REQUETE`
--

DROP TABLE IF EXISTS `REQUETE`;
/*!40101 SET @saved_cs_client     = @@character_set_client */;
/*!40101 SET character_set_client = utf8 */;
CREATE TABLE `REQUETE` (
  `REQUETE_ID` smallint(5) unsigned NOT NULL DEFAULT '0',
  `CREATEUR_ID` int(11) NOT NULL DEFAULT '0',
  `INTITULE` varchar(100) NOT NULL DEFAULT '',
  `GROUPEMENT_RACINE_ID` smallint(5) unsigned DEFAULT NULL,
  `BANQUE_ID` int(10) NOT NULL DEFAULT '1',
  PRIMARY KEY (`REQUETE_ID`),
  KEY `FK_REQUETE_CREATEUR_ID` (`CREATEUR_ID`),
  KEY `FK_REQUETE_BANQUE_ID` (`BANQUE_ID`),
  KEY `FK_REQUETE_GROUPEMENT_RACINE_ID` (`GROUPEMENT_RACINE_ID`),
  CONSTRAINT `FK_REQUETE_BANQUE_ID` FOREIGN KEY (`BANQUE_ID`) REFERENCES `BANQUE` (`BANQUE_ID`),
  CONSTRAINT `FK_REQUETE_CREATEUR_ID` FOREIGN KEY (`CREATEUR_ID`) REFERENCES `UTILISATEUR` (`UTILISATEUR_ID`),
  CONSTRAINT `FK_REQUETE_GROUPEMENT_RACINE_ID` FOREIGN KEY (`GROUPEMENT_RACINE_ID`) REFERENCES `GROUPEMENT` (`GROUPEMENT_ID`) ON DELETE CASCADE
) ENGINE=InnoDB DEFAULT CHARSET=utf8;
/*!40101 SET character_set_client = @saved_cs_client */;

--
-- Dumping data for table `REQUETE`
--

LOCK TABLES `REQUETE` WRITE;
/*!40000 ALTER TABLE `REQUETE` DISABLE KEYS */;
INSERT INTO `REQUETE` VALUES (1,2,'Dupont et Dupond',1,1),(2,1,'Echantillon en attente de consentement',2,1),(3,5,'Dominique masculin apres 1997',3,1),(4,4,'Echantillon code C32..',5,2);
/*!40000 ALTER TABLE `REQUETE` ENABLE KEYS */;
UNLOCK TABLES;

--
-- Table structure for table `RESERVATION`
--

DROP TABLE IF EXISTS `RESERVATION`;
/*!40101 SET @saved_cs_client     = @@character_set_client */;
/*!40101 SET character_set_client = utf8 */;
CREATE TABLE `RESERVATION` (
  `RESERVATION_ID` int(10) NOT NULL DEFAULT '0',
  `FIN` datetime DEFAULT NULL,
  `DEBUT` datetime DEFAULT NULL,
  `UTILISATEUR_ID` int(10) NOT NULL DEFAULT '0',
  PRIMARY KEY (`RESERVATION_ID`),
  KEY `FK_RESERVATION_UTILISATEUR_ID` (`UTILISATEUR_ID`),
  CONSTRAINT `FK_RESERVATION_UTILISATEUR_ID` FOREIGN KEY (`UTILISATEUR_ID`) REFERENCES `UTILISATEUR` (`UTILISATEUR_ID`)
) ENGINE=InnoDB DEFAULT CHARSET=utf8;
/*!40101 SET character_set_client = @saved_cs_client */;

--
-- Dumping data for table `RESERVATION`
--

LOCK TABLES `RESERVATION` WRITE;
/*!40000 ALTER TABLE `RESERVATION` DISABLE KEYS */;
INSERT INTO `RESERVATION` VALUES (1,'2009-09-01 00:00:00','2009-06-01 00:00:00',1),(2,'2009-03-16 00:00:00','2009-03-01 00:00:00',1),(3,'2009-10-29 00:00:00','2009-09-08 00:00:00',4),(4,'2009-12-01 00:00:00','2009-05-21 00:00:00',5);
/*!40000 ALTER TABLE `RESERVATION` ENABLE KEYS */;
UNLOCK TABLES;

--
-- Table structure for table `RESULTAT`
--

DROP TABLE IF EXISTS `RESULTAT`;
/*!40101 SET @saved_cs_client     = @@character_set_client */;
/*!40101 SET character_set_client = utf8 */;
CREATE TABLE `RESULTAT` (
  `RESULTAT_ID` smallint(5) unsigned NOT NULL DEFAULT '0',
  `NOM_COLONNE` varchar(40) NOT NULL DEFAULT '',
  `TRI` tinyint(1) NOT NULL DEFAULT '0',
  `ORDRE_TRI` smallint(5) unsigned NOT NULL DEFAULT '0',
  `POSITION` smallint(5) unsigned NOT NULL DEFAULT '0',
  `FORMAT` varchar(40) DEFAULT NULL,
  `CHAMP_ID` int(10) NOT NULL DEFAULT '0',
  `AFFICHAGE_ID` smallint(5) unsigned NOT NULL DEFAULT '0',
  PRIMARY KEY (`RESULTAT_ID`),
  KEY `FK_RESULTAT_CHAMP_ID` (`CHAMP_ID`),
  KEY `FK_RESULTAT_AFFICHAGE_ID` (`AFFICHAGE_ID`),
  CONSTRAINT `FK_RESULTAT_AFFICHAGE_ID` FOREIGN KEY (`AFFICHAGE_ID`) REFERENCES `AFFICHAGE` (`AFFICHAGE_ID`) ON DELETE CASCADE,
  CONSTRAINT `FK_RESULTAT_CHAMP_ID` FOREIGN KEY (`CHAMP_ID`) REFERENCES `CHAMP` (`CHAMP_ID`)
) ENGINE=InnoDB DEFAULT CHARSET=utf8;
/*!40101 SET character_set_client = @saved_cs_client */;

--
-- Dumping data for table `RESULTAT`
--

LOCK TABLES `RESULTAT` WRITE;
/*!40000 ALTER TABLE `RESULTAT` DISABLE KEYS */;
INSERT INTO `RESULTAT` VALUES (1,'Identifiants',0,1,1,NULL,2,1),(2,'Codes',1,2,2,NULL,1,1),(3,'Valeurs',1,1,2,NULL,3,2),(4,'Quantites',0,2,1,'dd/MM/yyyy',4,2),(5,'PNom',0,1,1,NULL,6,3),(6,'PPrénom',0,2,2,NULL,7,3),(7,'PEtat',0,3,4,NULL,8,3),(8,'PDateEtat',0,4,3,NULL,9,3),(9,'MLibelle',0,1,2,NULL,10,4),(10,'MCode',0,2,1,NULL,11,4),(11,'PreCode',0,3,3,NULL,12,4),(12,'EchCode',0,4,4,NULL,13,4);
/*!40000 ALTER TABLE `RESULTAT` ENABLE KEYS */;
UNLOCK TABLES;

--
-- Table structure for table `RETOUR`
--

DROP TABLE IF EXISTS `RETOUR`;
/*!40101 SET @saved_cs_client     = @@character_set_client */;
/*!40101 SET character_set_client = utf8 */;
CREATE TABLE `RETOUR` (
  `RETOUR_ID` int(10) NOT NULL DEFAULT '0',
  `OBJET_ID` int(10) NOT NULL DEFAULT '0',
  `ENTITE_ID` int(10) NOT NULL DEFAULT '0',
  `DATE_SORTIE` datetime NOT NULL DEFAULT '0000-00-00 00:00:00',
  `DATE_RETOUR` datetime DEFAULT NULL,
  `TEMP_MOYENNE` float NOT NULL,
  `STERILE` tinyint(1) DEFAULT NULL,
  `COLLABORATEUR_ID` int(10) DEFAULT NULL,
  `OBSERVATIONS` text,
  `OLD_EMPLACEMENT_ADRL` varchar(100) DEFAULT NULL,
  `CESSION_ID` int(10) DEFAULT NULL,
  `TRANSFORMATION_ID` int(10) DEFAULT NULL,
  `OLD_EMPLACEMENT_ID` int(10) DEFAULT NULL,
  `INCIDENT_ID` int(10) DEFAULT NULL,
  PRIMARY KEY (`RETOUR_ID`),
  KEY `FK_RETOUR_CESSION_ID` (`CESSION_ID`),
  KEY `FK_RETOUR_ENTITE_ID` (`ENTITE_ID`),
  KEY `FK_RETOUR_TRANSFORMATION_ID` (`TRANSFORMATION_ID`),
  KEY `FK_RETOUR_COLLABORATEUR_ID` (`COLLABORATEUR_ID`),
  KEY `FK_RETOUR_OLD_EMPLACEMENT_ID` (`OLD_EMPLACEMENT_ID`),
  KEY `FK_RETOUR_INCIDENT_ID` (`INCIDENT_ID`),
  KEY `IDX_OBJ` (`OBJET_ID`,`ENTITE_ID`),
  CONSTRAINT `FK_RETOUR_CESSION_ID` FOREIGN KEY (`CESSION_ID`) REFERENCES `CESSION` (`CESSION_ID`),
  CONSTRAINT `FK_RETOUR_COLLABORATEUR_ID` FOREIGN KEY (`COLLABORATEUR_ID`) REFERENCES `COLLABORATEUR` (`COLLABORATEUR_ID`),
  CONSTRAINT `FK_RETOUR_ENTITE_ID` FOREIGN KEY (`ENTITE_ID`) REFERENCES `ENTITE` (`ENTITE_ID`),
  CONSTRAINT `FK_RETOUR_INCIDENT_ID` FOREIGN KEY (`INCIDENT_ID`) REFERENCES `INCIDENT` (`INCIDENT_ID`),
  CONSTRAINT `FK_RETOUR_OLD_EMPLACEMENT_ID` FOREIGN KEY (`OLD_EMPLACEMENT_ID`) REFERENCES `EMPLACEMENT` (`EMPLACEMENT_ID`),
  CONSTRAINT `FK_RETOUR_TRANSFORMATION_ID` FOREIGN KEY (`TRANSFORMATION_ID`) REFERENCES `TRANSFORMATION` (`TRANSFORMATION_ID`)
) ENGINE=InnoDB DEFAULT CHARSET=utf8;
/*!40101 SET character_set_client = @saved_cs_client */;

--
-- Dumping data for table `RETOUR`
--

LOCK TABLES `RETOUR` WRITE;
/*!40000 ALTER TABLE `RETOUR` DISABLE KEYS */;
INSERT INTO `RETOUR` VALUES (1,1,3,'2010-01-01 00:00:00','2010-01-02 00:00:00',15,0,NULL,'sortie pour traitement','CC1.R1.T1.BT1.A-A',NULL,NULL,NULL,NULL),(2,1,3,'2010-01-02 00:00:00','2010-01-03 00:00:00',15,1,1,'sortie pour cession','CC1.R1.T1.BT1.C-E',1,NULL,NULL,NULL),(3,1,3,'2010-01-04 00:00:00','2010-01-05 00:00:00',15,1,1,'sortie pour transformation','CC1.R2.T2.BT1.1',NULL,1,NULL,NULL),(4,1,3,'2010-01-05 00:00:00','2010-01-07 00:00:00',-1,1,3,'sortie pour deplacement',NULL,NULL,NULL,NULL,NULL),(5,1,3,'2010-01-08 00:00:00','2010-01-09 00:00:00',0,0,3,'sortie pour incident',NULL,NULL,NULL,NULL,NULL),(6,4,3,'2010-01-01 00:00:00','2010-01-01 00:00:00',5,1,3,'sortie pour traitement',NULL,NULL,NULL,NULL,NULL),(7,3,8,'2010-01-01 00:00:00','2010-01-01 00:00:00',5,0,3,'sortie pour traitement',NULL,NULL,NULL,NULL,NULL),(8,3,8,'2010-01-01 00:00:00','2010-01-01 00:00:00',-35,1,2,'sortie pour cession','CC1.R2.T1.BT3.87',1,NULL,NULL,NULL);
/*!40000 ALTER TABLE `RETOUR` ENABLE KEYS */;
UNLOCK TABLES;

--
-- Table structure for table `RISQUE`
--

DROP TABLE IF EXISTS `RISQUE`;
/*!40101 SET @saved_cs_client     = @@character_set_client */;
/*!40101 SET character_set_client = utf8 */;
CREATE TABLE `RISQUE` (
  `RISQUE_ID` int(3) NOT NULL DEFAULT '0',
  `NOM` varchar(200) NOT NULL,
  `INFECTIEUX` tinyint(1) NOT NULL DEFAULT '0',
  `PLATEFORME_ID` int(10) NOT NULL,
  PRIMARY KEY (`RISQUE_ID`),
  KEY `FK_RISQUE_PLATEFORME_ID` (`PLATEFORME_ID`),
  CONSTRAINT `FK_RISQUE_PLATEFORME_ID` FOREIGN KEY (`PLATEFORME_ID`) REFERENCES `PLATEFORME` (`PLATEFORME_ID`)
) ENGINE=InnoDB DEFAULT CHARSET=utf8;
/*!40101 SET character_set_client = @saved_cs_client */;

--
-- Dumping data for table `RISQUE`
--

LOCK TABLES `RISQUE` WRITE;
/*!40000 ALTER TABLE `RISQUE` DISABLE KEYS */;
INSERT INTO `RISQUE` VALUES (1,'HIV',1,1),(2,'GRIPPE A',1,1),(3,'LEUCEMIE',0,2);
/*!40000 ALTER TABLE `RISQUE` ENABLE KEYS */;
UNLOCK TABLES;

--
-- Table structure for table `SERVICE`
--

DROP TABLE IF EXISTS `SERVICE`;
/*!40101 SET @saved_cs_client     = @@character_set_client */;
/*!40101 SET character_set_client = utf8 */;
CREATE TABLE `SERVICE` (
  `SERVICE_ID` int(10) NOT NULL DEFAULT '0',
  `coordonnee_id` int(10) DEFAULT NULL,
  `ETABLISSEMENT_ID` int(10) NOT NULL DEFAULT '0',
  `NOM` varchar(100) NOT NULL DEFAULT '',
  `ARCHIVE` tinyint(1) DEFAULT '0',
  PRIMARY KEY (`SERVICE_ID`),
  KEY `FK_SERVICE_COORDONNEE_ID` (`coordonnee_id`),
  KEY `FK_SERVICE_ETABLISSEMENT_ID` (`ETABLISSEMENT_ID`),
  CONSTRAINT `FK_SERVICE_COORDONNEE_ID` FOREIGN KEY (`coordonnee_id`) REFERENCES `COORDONNEE` (`COORDONNEE_ID`),
  CONSTRAINT `FK_SERVICE_ETABLISSEMENT_ID` FOREIGN KEY (`ETABLISSEMENT_ID`) REFERENCES `ETABLISSEMENT` (`ETABLISSEMENT_ID`)
) ENGINE=InnoDB DEFAULT CHARSET=utf8;
/*!40101 SET character_set_client = @saved_cs_client */;

--
-- Dumping data for table `SERVICE`
--

LOCK TABLES `SERVICE` WRITE;
/*!40000 ALTER TABLE `SERVICE` DISABLE KEYS */;
INSERT INTO `SERVICE` VALUES (1,1,1,'ANAPATH',0),(2,3,1,'HEMATO',0),(3,4,1,'CELLULO',1),(4,2,2,'ANAPATH SURESNES',0);
/*!40000 ALTER TABLE `SERVICE` ENABLE KEYS */;
UNLOCK TABLES;

--
-- Table structure for table `SERVICE_COLLABORATEUR`
--

DROP TABLE IF EXISTS `SERVICE_COLLABORATEUR`;
/*!40101 SET @saved_cs_client     = @@character_set_client */;
/*!40101 SET character_set_client = utf8 */;
CREATE TABLE `SERVICE_COLLABORATEUR` (
  `SERVICE_ID` int(10) NOT NULL DEFAULT '0',
  `COLLABORATEUR_ID` int(10) NOT NULL DEFAULT '0',
  PRIMARY KEY (`SERVICE_ID`,`COLLABORATEUR_ID`),
  KEY `FK_SERVICE_COLLABORATEUR_COLLABORATEUR_ID` (`COLLABORATEUR_ID`),
  CONSTRAINT `FK_SERVICE_COLLABORATEUR_COLLABORATEUR_ID` FOREIGN KEY (`COLLABORATEUR_ID`) REFERENCES `COLLABORATEUR` (`COLLABORATEUR_ID`),
  CONSTRAINT `FK_SERVICE_COLLABORATEUR_SERVICE_ID` FOREIGN KEY (`SERVICE_ID`) REFERENCES `SERVICE` (`SERVICE_ID`)
) ENGINE=InnoDB DEFAULT CHARSET=utf8;
/*!40101 SET character_set_client = @saved_cs_client */;

--
-- Dumping data for table `SERVICE_COLLABORATEUR`
--

LOCK TABLES `SERVICE_COLLABORATEUR` WRITE;
/*!40000 ALTER TABLE `SERVICE_COLLABORATEUR` DISABLE KEYS */;
INSERT INTO `SERVICE_COLLABORATEUR` VALUES (1,1),(1,2),(2,3),(3,3);
/*!40000 ALTER TABLE `SERVICE_COLLABORATEUR` ENABLE KEYS */;
UNLOCK TABLES;

--
-- Table structure for table `SPECIALITE`
--

DROP TABLE IF EXISTS `SPECIALITE`;
/*!40101 SET @saved_cs_client     = @@character_set_client */;
/*!40101 SET character_set_client = utf8 */;
CREATE TABLE `SPECIALITE` (
  `SPECIALITE_ID` int(3) NOT NULL DEFAULT '0',
  `NOM` varchar(200) NOT NULL,
  PRIMARY KEY (`SPECIALITE_ID`)
) ENGINE=InnoDB DEFAULT CHARSET=utf8;
/*!40101 SET character_set_client = @saved_cs_client */;

--
-- Dumping data for table `SPECIALITE`
--

LOCK TABLES `SPECIALITE` WRITE;
/*!40000 ALTER TABLE `SPECIALITE` DISABLE KEYS */;
INSERT INTO `SPECIALITE` VALUES (1,'ANATOMOPATHOLOGIE'),(2,'DERMATOLOGIE'),(3,'HEMATOLOGIE'),(4,'PATHOLOGIE INFECTIEUSE ET TROPICALE'),(5,'BIOCHIMIE');
/*!40000 ALTER TABLE `SPECIALITE` ENABLE KEYS */;
UNLOCK TABLES;

--
-- Table structure for table `TABLE_ANNOTATION`
--

DROP TABLE IF EXISTS `TABLE_ANNOTATION`;
/*!40101 SET @saved_cs_client     = @@character_set_client */;
/*!40101 SET character_set_client = utf8 */;
CREATE TABLE `TABLE_ANNOTATION` (
  `TABLE_ANNOTATION_ID` int(10) NOT NULL,
  `NOM` varchar(25) NOT NULL DEFAULT '',
  `DESCRIPTION` text,
  `ENTITE_ID` int(10) NOT NULL DEFAULT '1',
  `CATALOGUE_ID` int(3) DEFAULT NULL,
  `PLATEFORME_ID` int(10) DEFAULT NULL,
  PRIMARY KEY (`TABLE_ANNOTATION_ID`),
  KEY `FK_TABLE_ANNOTATION_ENTITE_ID` (`ENTITE_ID`),
  KEY `FK_TABLE_ANNOTATION_CATALOGUE` (`CATALOGUE_ID`),
  KEY `FK_TABLE_ANNOTATION_PLATEFORME_ID` (`PLATEFORME_ID`),
  CONSTRAINT `FK_TABLE_ANNOTATION_CATALOGUE` FOREIGN KEY (`CATALOGUE_ID`) REFERENCES `CATALOGUE` (`CATALOGUE_ID`),
  CONSTRAINT `FK_TABLE_ANNOTATION_ENTITE_ID` FOREIGN KEY (`ENTITE_ID`) REFERENCES `ENTITE` (`ENTITE_ID`),
  CONSTRAINT `FK_TABLE_ANNOTATION_PLATEFORME_ID` FOREIGN KEY (`PLATEFORME_ID`) REFERENCES `PLATEFORME` (`PLATEFORME_ID`)
) ENGINE=InnoDB DEFAULT CHARSET=utf8;
/*!40101 SET character_set_client = @saved_cs_client */;

--
-- Dumping data for table `TABLE_ANNOTATION`
--

LOCK TABLES `TABLE_ANNOTATION` WRITE;
/*!40000 ALTER TABLE `TABLE_ANNOTATION` DISABLE KEYS */;
INSERT INTO `TABLE_ANNOTATION` VALUES (1,'TABLE_PAT1',NULL,1,NULL,1),(2,'TABLE_PREL1',NULL,2,NULL,1),(3,'INCA_ECHAN1','Catalogue INca 2010',3,1,NULL),(4,'TABLE_ECHAN1',NULL,3,NULL,1),(5,'TABLE_ECHAN2',NULL,3,NULL,1),(6,'TABLE_DERIVE1',NULL,8,NULL,1),(7,'INCa-Patient','Champs INCa Patient',1,1,NULL),(8,'INCa-Prélèvement','Champs INCa Prélèvement',2,1,NULL),(9,'INCa-Echantillon','Champs INCa Echantillon',3,1,NULL),(10,'INCa-Patient-Tabac','Champs INCa Patient Tabac',1,2,NULL),(11,'INCa-Echantillon-Tabac','Champs INCa Echantillon Tabac',3,2,NULL);
/*!40000 ALTER TABLE `TABLE_ANNOTATION` ENABLE KEYS */;
UNLOCK TABLES;

--
-- Table structure for table `TABLE_ANNOTATION_BANQUE`
--

DROP TABLE IF EXISTS `TABLE_ANNOTATION_BANQUE`;
/*!40101 SET @saved_cs_client     = @@character_set_client */;
/*!40101 SET character_set_client = utf8 */;
CREATE TABLE `TABLE_ANNOTATION_BANQUE` (
  `TABLE_ANNOTATION_ID` int(10) NOT NULL DEFAULT '0',
  `BANQUE_ID` int(10) NOT NULL DEFAULT '0',
  `ORDRE` int(3) NOT NULL DEFAULT '0',
  PRIMARY KEY (`TABLE_ANNOTATION_ID`,`BANQUE_ID`),
  KEY `FK_TABLE_ANNOTATION_BANQUE_BANQUE_ID` (`BANQUE_ID`),
  CONSTRAINT `FK_TABLE_ANNOTATION_BANQUE_BANQUE_ID` FOREIGN KEY (`BANQUE_ID`) REFERENCES `BANQUE` (`BANQUE_ID`),
  CONSTRAINT `FK_TABLE_ANNOTATION_BANQUE_TABLE_ANNOTATION_ID` FOREIGN KEY (`TABLE_ANNOTATION_ID`) REFERENCES `TABLE_ANNOTATION` (`TABLE_ANNOTATION_ID`)
) ENGINE=InnoDB DEFAULT CHARSET=utf8;
/*!40101 SET character_set_client = @saved_cs_client */;

--
-- Dumping data for table `TABLE_ANNOTATION_BANQUE`
--

LOCK TABLES `TABLE_ANNOTATION_BANQUE` WRITE;
/*!40000 ALTER TABLE `TABLE_ANNOTATION_BANQUE` DISABLE KEYS */;
INSERT INTO `TABLE_ANNOTATION_BANQUE` VALUES (1,1,2),(2,1,2),(3,1,2),(3,2,1),(3,3,1),(4,1,3),(5,1,4),(6,1,1),(7,1,1),(8,1,1),(9,1,1);
/*!40000 ALTER TABLE `TABLE_ANNOTATION_BANQUE` ENABLE KEYS */;
UNLOCK TABLES;

--
-- Table structure for table `TABLE_ANNOTATION_TEMPLATE`
--

DROP TABLE IF EXISTS `TABLE_ANNOTATION_TEMPLATE`;
/*!40101 SET @saved_cs_client     = @@character_set_client */;
/*!40101 SET character_set_client = utf8 */;
CREATE TABLE `TABLE_ANNOTATION_TEMPLATE` (
  `TABLE_ANNOTATION_ID` int(10) NOT NULL,
  `TEMPLATE_ID` int(10) NOT NULL,
  `ORDRE` int(2) NOT NULL,
  PRIMARY KEY (`TABLE_ANNOTATION_ID`,`TEMPLATE_ID`),
  KEY `FK_TABLE_ANNOTATION_TEMPLATE_TEMPLATE_ID` (`TEMPLATE_ID`),
  CONSTRAINT `FK_TABLE_ANNOTATION_TEMPLATE_TABLE_ID` FOREIGN KEY (`TABLE_ANNOTATION_ID`) REFERENCES `TABLE_ANNOTATION` (`TABLE_ANNOTATION_ID`),
  CONSTRAINT `FK_TABLE_ANNOTATION_TEMPLATE_TEMPLATE_ID` FOREIGN KEY (`TEMPLATE_ID`) REFERENCES `TEMPLATE` (`TEMPLATE_ID`)
) ENGINE=InnoDB DEFAULT CHARSET=utf8;
/*!40101 SET character_set_client = @saved_cs_client */;

--
-- Dumping data for table `TABLE_ANNOTATION_TEMPLATE`
--

LOCK TABLES `TABLE_ANNOTATION_TEMPLATE` WRITE;
/*!40000 ALTER TABLE `TABLE_ANNOTATION_TEMPLATE` DISABLE KEYS */;
INSERT INTO `TABLE_ANNOTATION_TEMPLATE` VALUES (2,1,5);
/*!40000 ALTER TABLE `TABLE_ANNOTATION_TEMPLATE` ENABLE KEYS */;
UNLOCK TABLES;

--
-- Table structure for table `TABLE_CODAGE`
--

DROP TABLE IF EXISTS `TABLE_CODAGE`;
/*!40101 SET @saved_cs_client     = @@character_set_client */;
/*!40101 SET character_set_client = utf8 */;
CREATE TABLE `TABLE_CODAGE` (
  `TABLE_CODAGE_ID` int(2) NOT NULL DEFAULT '0',
  `NOM` varchar(25) NOT NULL DEFAULT '',
  `VERSION` char(10) DEFAULT NULL,
  PRIMARY KEY (`TABLE_CODAGE_ID`)
) ENGINE=InnoDB DEFAULT CHARSET=utf8;
/*!40101 SET character_set_client = @saved_cs_client */;

--
-- Dumping data for table `TABLE_CODAGE`
--

LOCK TABLES `TABLE_CODAGE` WRITE;
/*!40000 ALTER TABLE `TABLE_CODAGE` DISABLE KEYS */;
INSERT INTO `TABLE_CODAGE` VALUES (1,'ADICAP','5.03'),(2,'CIM_MASTER','10 2004'),(3,'CIMO_MORPHO','3.0'),(4,'UTILISATEUR',NULL),(5,'FAVORIS',NULL);
/*!40000 ALTER TABLE `TABLE_CODAGE` ENABLE KEYS */;
UNLOCK TABLES;

--
-- Table structure for table `TEMPERATURE`
--

DROP TABLE IF EXISTS `TEMPERATURE`;
/*!40101 SET @saved_cs_client     = @@character_set_client */;
/*!40101 SET character_set_client = utf8 */;
CREATE TABLE `TEMPERATURE` (
  `TEMPERATURE_ID` int(5) NOT NULL,
  `TEMPERATURE` float NOT NULL,
  PRIMARY KEY (`TEMPERATURE_ID`)
) ENGINE=InnoDB DEFAULT CHARSET=utf8;
/*!40101 SET character_set_client = @saved_cs_client */;

--
-- Dumping data for table `TEMPERATURE`
--

LOCK TABLES `TEMPERATURE` WRITE;
/*!40000 ALTER TABLE `TEMPERATURE` DISABLE KEYS */;
INSERT INTO `TEMPERATURE` VALUES (1,20),(2,4),(3,-20),(4,-80),(5,-196);
/*!40000 ALTER TABLE `TEMPERATURE` ENABLE KEYS */;
UNLOCK TABLES;

--
-- Table structure for table `TEMPLATE`
--

DROP TABLE IF EXISTS `TEMPLATE`;
/*!40101 SET @saved_cs_client     = @@character_set_client */;
/*!40101 SET character_set_client = utf8 */;
CREATE TABLE `TEMPLATE` (
  `TEMPLATE_ID` int(10) NOT NULL,
  `BANQUE_ID` int(10) NOT NULL,
  `NOM` varchar(50) NOT NULL,
  `ENTITE_ID` int(2) NOT NULL,
  `DESCRIPTION` varchar(250) DEFAULT NULL,
  `EN_TETE` varchar(50) DEFAULT NULL,
  `PIED_PAGE` varchar(50) DEFAULT NULL,
  PRIMARY KEY (`TEMPLATE_ID`),
  KEY `FK_TEMPLATE_ENTITE_ID` (`ENTITE_ID`),
  KEY `FK_TEMPLATE_BANQUE_ID` (`BANQUE_ID`),
  CONSTRAINT `FK_TEMPLATE_BANQUE_ID` FOREIGN KEY (`BANQUE_ID`) REFERENCES `BANQUE` (`BANQUE_ID`),
  CONSTRAINT `FK_TEMPLATE_ENTITE_ID` FOREIGN KEY (`ENTITE_ID`) REFERENCES `ENTITE` (`ENTITE_ID`)
) ENGINE=InnoDB DEFAULT CHARSET=utf8;
/*!40101 SET character_set_client = @saved_cs_client */;

--
-- Dumping data for table `TEMPLATE`
--

LOCK TABLES `TEMPLATE` WRITE;
/*!40000 ALTER TABLE `TEMPLATE` DISABLE KEYS */;
INSERT INTO `TEMPLATE` VALUES (1,1,'Fiche prélèvement',2,'Fiche d\'impression A1 des prélèvements','Fiche impression Tumorotek','Fiche prélèvement'),(2,1,'Fiche patient',1,'Fiche d\'impression PAT1','Fiche impression Tumorotek',NULL),(3,2,'Fiche prélèvement',2,'Fiche d\'impression prélèvements',NULL,'Fiche prélèvement');
/*!40000 ALTER TABLE `TEMPLATE` ENABLE KEYS */;
UNLOCK TABLES;

--
-- Table structure for table `TERMINALE`
--

DROP TABLE IF EXISTS `TERMINALE`;
/*!40101 SET @saved_cs_client     = @@character_set_client */;
/*!40101 SET character_set_client = utf8 */;
CREATE TABLE `TERMINALE` (
  `TERMINALE_ID` int(10) NOT NULL DEFAULT '0',
  `ENCEINTE_ID` int(10) NOT NULL DEFAULT '0',
  `TERMINALE_TYPE_ID` int(2) NOT NULL DEFAULT '0',
  `NOM` varchar(50) NOT NULL,
  `POSITION` int(10) NOT NULL DEFAULT '0',
  `ALIAS` varchar(50) DEFAULT NULL,
  `BANQUE_ID` int(10) DEFAULT NULL,
  `ENTITE_ID` int(2) DEFAULT NULL,
  `ARCHIVE` tinyint(1) DEFAULT '0',
  `TERMINALE_NUMEROTATION_ID` int(10) NOT NULL DEFAULT '0',
  `COULEUR_ID` int(3) DEFAULT NULL,
  PRIMARY KEY (`TERMINALE_ID`),
  KEY `FK_TERMINALE_TERMINALE_TYPE_ID` (`TERMINALE_TYPE_ID`),
  KEY `FK_TERMINALE_ENCEINTE_ID` (`ENCEINTE_ID`),
  KEY `FK_TERMINALE_BANQUE_ID` (`BANQUE_ID`),
  KEY `FK_TERMINALE_ENTITE_ID` (`ENTITE_ID`),
  KEY `FK_TERMINALE_TERMINALE_NUMEROTATION_ID` (`TERMINALE_NUMEROTATION_ID`),
  KEY `FK_TERMINALE_COULEUR_ID` (`COULEUR_ID`),
  CONSTRAINT `FK_TERMINALE_BANQUE_ID` FOREIGN KEY (`BANQUE_ID`) REFERENCES `BANQUE` (`BANQUE_ID`) ON DELETE SET NULL,
  CONSTRAINT `FK_TERMINALE_COULEUR_ID` FOREIGN KEY (`COULEUR_ID`) REFERENCES `COULEUR` (`COULEUR_ID`),
  CONSTRAINT `FK_TERMINALE_ENCEINTE_ID` FOREIGN KEY (`ENCEINTE_ID`) REFERENCES `ENCEINTE` (`ENCEINTE_ID`),
  CONSTRAINT `FK_TERMINALE_ENTITE_ID` FOREIGN KEY (`ENTITE_ID`) REFERENCES `ENTITE` (`ENTITE_ID`),
  CONSTRAINT `FK_TERMINALE_TERMINALE_NUMEROTATION_ID` FOREIGN KEY (`TERMINALE_NUMEROTATION_ID`) REFERENCES `TERMINALE_NUMEROTATION` (`TERMINALE_NUMEROTATION_ID`),
  CONSTRAINT `FK_TERMINALE_TERMINALE_TYPE_ID` FOREIGN KEY (`TERMINALE_TYPE_ID`) REFERENCES `TERMINALE_TYPE` (`TERMINALE_TYPE_ID`)
) ENGINE=InnoDB DEFAULT CHARSET=utf8;
/*!40101 SET character_set_client = @saved_cs_client */;

--
-- Dumping data for table `TERMINALE`
--

LOCK TABLES `TERMINALE` WRITE;
/*!40000 ALTER TABLE `TERMINALE` DISABLE KEYS */;
INSERT INTO `TERMINALE` VALUES (1,3,1,'BT1',1,'ALIAS BT1',1,NULL,0,4,1),(2,3,1,'BT2',2,'ALIAS BT2',1,NULL,0,5,2),(3,3,1,'BT5',5,'ALIAS BT5',1,NULL,0,4,3),(4,5,1,'BT1',1,'ALIAS BT1',2,3,0,1,NULL),(5,6,4,'BT1',1,'ALIAS 1',1,NULL,0,2,NULL),(6,7,3,'BT1',1,'ALIAS BT1',2,8,0,3,NULL);
/*!40000 ALTER TABLE `TERMINALE` ENABLE KEYS */;
UNLOCK TABLES;

--
-- Table structure for table `TERMINALE_NUMEROTATION`
--

DROP TABLE IF EXISTS `TERMINALE_NUMEROTATION`;
/*!40101 SET @saved_cs_client     = @@character_set_client */;
/*!40101 SET character_set_client = utf8 */;
CREATE TABLE `TERMINALE_NUMEROTATION` (
  `TERMINALE_NUMEROTATION_ID` int(10) NOT NULL DEFAULT '0',
  `LIGNE` char(3) NOT NULL DEFAULT '',
  `COLONNE` char(3) NOT NULL DEFAULT '',
  PRIMARY KEY (`TERMINALE_NUMEROTATION_ID`)
) ENGINE=InnoDB DEFAULT CHARSET=utf8;
/*!40101 SET character_set_client = @saved_cs_client */;

--
-- Dumping data for table `TERMINALE_NUMEROTATION`
--

LOCK TABLES `TERMINALE_NUMEROTATION` WRITE;
/*!40000 ALTER TABLE `TERMINALE_NUMEROTATION` DISABLE KEYS */;
INSERT INTO `TERMINALE_NUMEROTATION` VALUES (1,'NUM','NUM'),(2,'NUM','CAR'),(3,'CAR','NUM'),(4,'CAR','CAR'),(5,'POS','POS');
/*!40000 ALTER TABLE `TERMINALE_NUMEROTATION` ENABLE KEYS */;
UNLOCK TABLES;

--
-- Table structure for table `TERMINALE_TYPE`
--

DROP TABLE IF EXISTS `TERMINALE_TYPE`;
/*!40101 SET @saved_cs_client     = @@character_set_client */;
/*!40101 SET character_set_client = utf8 */;
CREATE TABLE `TERMINALE_TYPE` (
  `TERMINALE_TYPE_ID` int(2) NOT NULL,
  `TYPE` varchar(25) NOT NULL DEFAULT '',
  `NB_PLACES` int(5) NOT NULL DEFAULT '0',
  `HAUTEUR` int(3) NOT NULL DEFAULT '0',
  `LONGUEUR` int(3) NOT NULL DEFAULT '0',
  `SCHEME` varchar(100) DEFAULT NULL,
  `DEPART_NUM_HAUT` tinyint(1) NOT NULL,
  PRIMARY KEY (`TERMINALE_TYPE_ID`)
) ENGINE=InnoDB DEFAULT CHARSET=utf8;
/*!40101 SET character_set_client = @saved_cs_client */;

--
-- Dumping data for table `TERMINALE_TYPE`
--

LOCK TABLES `TERMINALE_TYPE` WRITE;
/*!40000 ALTER TABLE `TERMINALE_TYPE` DISABLE KEYS */;
INSERT INTO `TERMINALE_TYPE` VALUES (1,'RECTANGULAIRE_100',100,10,10,NULL,1),(2,'RECTANGULAIRE_169',169,13,13,NULL,1),(3,'RECTANGULAIRE_81',81,9,9,NULL,1),(4,'TRIANGULAIRE_67',67,0,0,'2;3;4;5;6;7;8;9;10;9;4',1),(5,'VISOTUBE_16_TRI',16,0,0,'4;3;3;2;2;1;1',1),(6,'VISOTUBE_16_ROND',16,0,0,'3;5;5;3',1);
/*!40000 ALTER TABLE `TERMINALE_TYPE` ENABLE KEYS */;
UNLOCK TABLES;

--
-- Table structure for table `TIMER`
--

DROP TABLE IF EXISTS `TIMER`;
/*!40101 SET @saved_cs_client     = @@character_set_client */;
/*!40101 SET character_set_client = utf8 */;
CREATE TABLE `TIMER` (
  `TIMER_ID` int(10) NOT NULL DEFAULT '0',
  `MIN` int(3) DEFAULT NULL,
  `HEURE` int(3) DEFAULT NULL,
  `NUM_JOUR_MOIS` int(2) DEFAULT NULL,
  `NUM_MOIS` int(2) DEFAULT NULL,
  `NUM_JOUR_SEM` int(2) DEFAULT NULL,
  PRIMARY KEY (`TIMER_ID`)
) ENGINE=InnoDB DEFAULT CHARSET=utf8;
/*!40101 SET character_set_client = @saved_cs_client */;

--
-- Dumping data for table `TIMER`
--

LOCK TABLES `TIMER` WRITE;
/*!40000 ALTER TABLE `TIMER` DISABLE KEYS */;
/*!40000 ALTER TABLE `TIMER` ENABLE KEYS */;
UNLOCK TABLES;

--
-- Table structure for table `TITRE`
--

DROP TABLE IF EXISTS `TITRE`;
/*!40101 SET @saved_cs_client     = @@character_set_client */;
/*!40101 SET character_set_client = utf8 */;
CREATE TABLE `TITRE` (
  `TITRE_ID` int(2) NOT NULL DEFAULT '0',
  `TITRE` varchar(5) NOT NULL DEFAULT '',
  PRIMARY KEY (`TITRE_ID`)
) ENGINE=InnoDB DEFAULT CHARSET=utf8;
/*!40101 SET character_set_client = @saved_cs_client */;

--
-- Dumping data for table `TITRE`
--

LOCK TABLES `TITRE` WRITE;
/*!40000 ALTER TABLE `TITRE` DISABLE KEYS */;
INSERT INTO `TITRE` VALUES (1,'PR'),(2,'DR'),(3,'MLLE'),(4,'MME'),(5,'M');
/*!40000 ALTER TABLE `TITRE` ENABLE KEYS */;
UNLOCK TABLES;

--
-- Table structure for table `TRANSCODE_UTILISATEUR`
--

DROP TABLE IF EXISTS `TRANSCODE_UTILISATEUR`;
/*!40101 SET @saved_cs_client     = @@character_set_client */;
/*!40101 SET character_set_client = utf8 */;
CREATE TABLE `TRANSCODE_UTILISATEUR` (
  `CODE_UTILISATEUR_ID` int(10) NOT NULL,
  `TABLE_CODAGE_ID` int(2) NOT NULL,
  `CODE_ID` int(10) NOT NULL,
  `TRANSCODE_UTILISATEUR_ID` int(10) NOT NULL,
  PRIMARY KEY (`TRANSCODE_UTILISATEUR_ID`),
  KEY `FK_TRANSCODE_UTILISATEUR_CODE_UTILISATEUR_ID` (`CODE_UTILISATEUR_ID`),
  KEY `FK_TRANSCODE_UTILISATEUR_TABLE_CODAGE_ID` (`TABLE_CODAGE_ID`)
) ENGINE=MyISAM DEFAULT CHARSET=utf8;
/*!40101 SET character_set_client = @saved_cs_client */;

--
-- Dumping data for table `TRANSCODE_UTILISATEUR`
--

LOCK TABLES `TRANSCODE_UTILISATEUR` WRITE;
/*!40000 ALTER TABLE `TRANSCODE_UTILISATEUR` DISABLE KEYS */;
INSERT INTO `TRANSCODE_UTILISATEUR` VALUES (1,1,1,1),(1,2,1,2),(1,3,1,3),(2,1,5,4),(2,2,12,5);
/*!40000 ALTER TABLE `TRANSCODE_UTILISATEUR` ENABLE KEYS */;
UNLOCK TABLES;

--
-- Table structure for table `TRANSFORMATION`
--

DROP TABLE IF EXISTS `TRANSFORMATION`;
/*!40101 SET @saved_cs_client     = @@character_set_client */;
/*!40101 SET character_set_client = utf8 */;
CREATE TABLE `TRANSFORMATION` (
  `TRANSFORMATION_ID` int(10) NOT NULL DEFAULT '0',
  `OBJET_ID` int(10) NOT NULL DEFAULT '0',
  `ENTITE_ID` int(2) NOT NULL DEFAULT '0',
  `QUANTITE` float DEFAULT NULL,
  `QUANTITE_UNITE_ID` int(2) DEFAULT NULL,
  PRIMARY KEY (`TRANSFORMATION_ID`),
  KEY `FK_TRANSFORMATION_QUANTITE_UNITE_ID` (`QUANTITE_UNITE_ID`),
  KEY `FK_TRANSFORMATION_ENTITE_ID` (`ENTITE_ID`),
  CONSTRAINT `FK_TRANSFORMATION_ENTITE_ID` FOREIGN KEY (`ENTITE_ID`) REFERENCES `ENTITE` (`ENTITE_ID`),
  CONSTRAINT `FK_TRANSFORMATION_QUANTITE_UNITE_ID` FOREIGN KEY (`QUANTITE_UNITE_ID`) REFERENCES `UNITE` (`UNITE_ID`)
) ENGINE=InnoDB DEFAULT CHARSET=utf8;
/*!40101 SET character_set_client = @saved_cs_client */;

--
-- Dumping data for table `TRANSFORMATION`
--

LOCK TABLES `TRANSFORMATION` WRITE;
/*!40000 ALTER TABLE `TRANSFORMATION` DISABLE KEYS */;
INSERT INTO `TRANSFORMATION` VALUES (1,1,3,NULL,NULL),(2,1,8,NULL,NULL),(3,1,2,NULL,NULL),(4,4,3,NULL,NULL),(5,1,3,NULL,NULL);
/*!40000 ALTER TABLE `TRANSFORMATION` ENABLE KEYS */;
UNLOCK TABLES;

--
-- Table structure for table `TRANSPORTEUR`
--

DROP TABLE IF EXISTS `TRANSPORTEUR`;
/*!40101 SET @saved_cs_client     = @@character_set_client */;
/*!40101 SET character_set_client = utf8 */;
CREATE TABLE `TRANSPORTEUR` (
  `TRANSPORTEUR_ID` int(10) NOT NULL DEFAULT '0',
  `coordonnee_id` int(10) DEFAULT NULL,
  `NOM` varchar(50) NOT NULL DEFAULT '',
  `CONTACT_NOM` varchar(50) DEFAULT NULL,
  `CONTACT_PRENOM` varchar(50) DEFAULT NULL,
  `CONTACT_TEL` varchar(15) DEFAULT NULL,
  `CONTACT_FAX` varchar(15) DEFAULT NULL,
  `CONTACT_MAIL` varchar(100) DEFAULT NULL,
  `ARCHIVE` tinyint(1) DEFAULT '0',
  PRIMARY KEY (`TRANSPORTEUR_ID`),
  KEY `FK_TRANSPORTEUR_COORDONNEE_ID` (`coordonnee_id`),
  CONSTRAINT `FK_TRANSPORTEUR_COORDONNEE_ID` FOREIGN KEY (`coordonnee_id`) REFERENCES `COORDONNEE` (`COORDONNEE_ID`)
) ENGINE=InnoDB DEFAULT CHARSET=utf8;
/*!40101 SET character_set_client = @saved_cs_client */;

--
-- Dumping data for table `TRANSPORTEUR`
--

LOCK TABLES `TRANSPORTEUR` WRITE;
/*!40000 ALTER TABLE `TRANSPORTEUR` DISABLE KEYS */;
INSERT INTO `TRANSPORTEUR` VALUES (1,1,'HOPITAL ST LOUIS - ANAPATH','ME STUMPERT','RAYMONDE','0142499127','0142499198','mail@mail.fr',0),(2,2,'HOPITAL ST LOUIS - RADIOLOGIE','ME PISSANERO','HELENA','0142494575','0142497585',NULL,0),(3,NULL,'UPS','JOE','LOUIS',NULL,NULL,NULL,1);
/*!40000 ALTER TABLE `TRANSPORTEUR` ENABLE KEYS */;
UNLOCK TABLES;

--
-- Table structure for table `UNITE`
--

DROP TABLE IF EXISTS `UNITE`;
/*!40101 SET @saved_cs_client     = @@character_set_client */;
/*!40101 SET character_set_client = utf8 */;
CREATE TABLE `UNITE` (
  `UNITE_ID` int(2) NOT NULL DEFAULT '0',
  `UNITE` varchar(30) CHARACTER SET latin1 NOT NULL DEFAULT '',
  `TYPE` varchar(15) CHARACTER SET latin1 NOT NULL DEFAULT 'masse',
  PRIMARY KEY (`UNITE_ID`)
) ENGINE=InnoDB DEFAULT CHARSET=latin2 COMMENT='InnoDB free: 222208 kB; InnoDB free: 220160 kB';
/*!40101 SET character_set_client = @saved_cs_client */;

--
-- Dumping data for table `UNITE`
--

LOCK TABLES `UNITE` WRITE;
/*!40000 ALTER TABLE `UNITE` DISABLE KEYS */;
INSERT INTO `UNITE` VALUES (1,'FRAGMENTS','discret'),(2,'COUPES','discret'),(3,'10^6 CELL','masse'),(4,'ml','volume'),(5,'mg','masse'),(6,'µl','volume'),(7,'µg','masse'),(8,'mg/ml','concentration'),(9,'µg/µl','concentration'),(10,'ng','masse'),(11,'nl','volume'),(12,'ng/nl','concentration'),(13,'ng/µl','concentration'),(14,'µg/ml','concentration');
/*!40000 ALTER TABLE `UNITE` ENABLE KEYS */;
UNLOCK TABLES;

--
-- Table structure for table `UTILISATEUR`
--

DROP TABLE IF EXISTS `UTILISATEUR`;
/*!40101 SET @saved_cs_client     = @@character_set_client */;
/*!40101 SET character_set_client = utf8 */;
CREATE TABLE `UTILISATEUR` (
  `UTILISATEUR_ID` int(10) NOT NULL DEFAULT '0',
  `LOGIN` varchar(100) NOT NULL DEFAULT '',
  `PASSWORD` varchar(100) NOT NULL DEFAULT '',
  `ARCHIVE` tinyint(1) DEFAULT '0',
  `ENCODED_PASSWORD` varchar(100) DEFAULT NULL,
  `DN_LDAP` varchar(100) DEFAULT NULL,
  `EMAIL` varchar(50) DEFAULT NULL,
  `TIMEOUT` date DEFAULT NULL,
  `COLLABORATEUR_ID` int(10) DEFAULT NULL,
  `SUPER` tinyint(1) NOT NULL DEFAULT '0',
  PRIMARY KEY (`UTILISATEUR_ID`),
  KEY `FK_UTILISATEUR_COLLABORATEUR_ID` (`COLLABORATEUR_ID`),
  CONSTRAINT `FK_UTILISATEUR_COLLABORATEUR_ID` FOREIGN KEY (`COLLABORATEUR_ID`) REFERENCES `COLLABORATEUR` (`COLLABORATEUR_ID`)
) ENGINE=InnoDB DEFAULT CHARSET=utf8;
/*!40101 SET character_set_client = @saved_cs_client */;

--
-- Dumping data for table `UTILISATEUR`
--

LOCK TABLES `UTILISATEUR` WRITE;
/*!40000 ALTER TABLE `UTILISATEUR` DISABLE KEYS */;
INSERT INTO `UTILISATEUR` VALUES (1,'USER1','616f9aaafc5e973e5a6d0e525375c4a3',0,'ENCO1','LDAP1','mail1@yahoo.fr','2025-12-01',1,0),(2,'USER2','7257b9bc032394bb39c92031d78b4f60',0,'ENCO2','LDAP2','mail2@yahoo.fr','2011-05-15',2,0),(3,'USER3','f36f9d2d969237506191252d762e5f2a',1,'ENCO3','LDAP3','mail3@yahoo.fr','2009-01-01',3,0),(4,'USER4','a775ee0493acc70c04183ce4bb6fc00e',0,'ENCO4','LDAP4','mail4@yahoo.fr','2014-06-21',NULL,0),(5,'USER5','b383bb08bd750d8ef04d034ad648a208',0,'ENCO5','LDAP5','mail5@yahoo.fr','2025-12-01',NULL,1);
/*!40000 ALTER TABLE `UTILISATEUR` ENABLE KEYS */;
UNLOCK TABLES;

--
-- Table structure for table `VERSION`
--

DROP TABLE IF EXISTS `VERSION`;
/*!40101 SET @saved_cs_client     = @@character_set_client */;
/*!40101 SET character_set_client = utf8 */;
CREATE TABLE `VERSION` (
  `VERSION_ID` int(10) NOT NULL,
  `VERSION` varchar(20) NOT NULL,
  `DATE_` datetime DEFAULT NULL,
  `NOM_SITE` varchar(100) DEFAULT NULL,
  PRIMARY KEY (`VERSION_ID`)
) ENGINE=InnoDB DEFAULT CHARSET=utf8;
/*!40101 SET character_set_client = @saved_cs_client */;

--
-- Dumping data for table `VERSION`
--

LOCK TABLES `VERSION` WRITE;
/*!40000 ALTER TABLE `VERSION` DISABLE KEYS */;
INSERT INTO `VERSION` VALUES (1,'2.0 beta 1','2011-04-30 00:00:00','Saint Louis - Base de test'),(2,'2.0 beta 2','2011-05-06 00:00:00','Saint Louis - Base de test'),(3,'2.0','2011-05-26 00:00:00','Saint Louis - Base de test');
/*!40000 ALTER TABLE `VERSION` ENABLE KEYS */;
UNLOCK TABLES;

--
-- Table structure for table `c3p0test`
--

DROP TABLE IF EXISTS `c3p0test`;
/*!40101 SET @saved_cs_client     = @@character_set_client */;
/*!40101 SET character_set_client = utf8 */;
CREATE TABLE `c3p0test` (
  `a` char(1) DEFAULT NULL
) ENGINE=MyISAM DEFAULT CHARSET=utf8;
/*!40101 SET character_set_client = @saved_cs_client */;

--
-- Dumping data for table `c3p0test`
--

LOCK TABLES `c3p0test` WRITE;
/*!40000 ALTER TABLE `c3p0test` DISABLE KEYS */;
/*!40000 ALTER TABLE `c3p0test` ENABLE KEYS */;
UNLOCK TABLES;
/*!40103 SET TIME_ZONE=@OLD_TIME_ZONE */;

/*!40101 SET SQL_MODE=@OLD_SQL_MODE */;
/*!40014 SET FOREIGN_KEY_CHECKS=@OLD_FOREIGN_KEY_CHECKS */;
/*!40014 SET UNIQUE_CHECKS=@OLD_UNIQUE_CHECKS */;
/*!40101 SET CHARACTER_SET_CLIENT=@OLD_CHARACTER_SET_CLIENT */;
/*!40101 SET CHARACTER_SET_RESULTS=@OLD_CHARACTER_SET_RESULTS */;
/*!40101 SET COLLATION_CONNECTION=@OLD_COLLATION_CONNECTION */;
/*!40111 SET SQL_NOTES=@OLD_SQL_NOTES */;

-- Dump completed on 2012-11-21 15:17:44
